rank,name,year,imbd_votes,imdb_rating,certificate,duration,genre,cast_name,director_name,writer_name,First_Director,First_Cast
1,The Shawshank Redemption,1994,2601152,9.3,A,142,Drama,"Tim Robbins,Morgan Freeman,Bob Gunton,William Sadler,Clancy Brown,Gil Bellows,Mark Rolston,James Whitmore,Jeffrey DeMunn,Larry Brandenburg,Neil Giuntoli,Brian Libby,David Proval,Joseph Ragno,Jude Ciccolella,Paul McCrane,Renee Blaine,Scott Mann",Frank Darabont,"Stephen King,Frank Darabont",Frank Darabont,Tim Robbins
2,The Godfather,1972,1796656,9.2,A,175,"Crime,Drama","Marlon Brando,Al Pacino,James Caan,Diane Keaton,Richard S. Castellano,Robert Duvall,Sterling Hayden,John Marley,Richard Conte,Al Lettieri,Abe Vigoda,Talia Shire,Gianni Russo,John Cazale,Rudy Bond,Al Martino,Morgana King,Lenny Montana",Francis Ford Coppola,"Mario Puzo,Francis Ford Coppola",Francis Ford Coppola,Marlon Brando
3,The Dark Knight,2008,2572662,9,UA,152,"Action,Crime,Drama","Christian Bale,Heath Ledger,Aaron Eckhart,Michael Caine,Maggie Gyllenhaal,Gary Oldman,Morgan Freeman,Monique Gabriela Curnen,Ron Dean,Cillian Murphy,Chin Han,Nestor Carbonell,Eric Roberts,Ritchie Coster,Anthony Michael Hall,Keith Szarabajka,Colin McFarlane,Joshua Harto",Christopher Nolan,"Jonathan Nolan,Christopher Nolan,David S. Goyer",Christopher Nolan,Christian Bale
4,The Godfather Part II,1974,1237934,9,A,202,"Crime,Drama","Al Pacino,Robert De Niro,Robert Duvall,Diane Keaton,John Cazale,Talia Shire,Lee Strasberg,Michael V. Gazzo,G.D. Spradlin,Richard Bright,Gastone Moschin,Tom Rosqui,Bruno Kirby,Frank Sivero,Francesca De Sapio,Morgana King,Marianna Hill,Leopoldo Trieste",Francis Ford Coppola,"Francis Ford Coppola,Mario Puzo",Francis Ford Coppola,Al Pacino
5,12 Angry Men,1957,768548,9,U,96,"Crime,Drama","Henry Fonda,Lee J. Cobb,Martin Balsam,John Fiedler,E.G. Marshall,Jack Klugman,Edward Binns,Jack Warden,Joseph Sweeney,Ed Begley,George Voskovec,Robert Webber,Rudy Bond,Tom Gorman,James Kelly,Billy Nelson,John Savoca,Walter Stocker",Sidney Lumet,Reginald Rose,Sidney Lumet,Henry Fonda
6,Schindler's List,1993,1322917,9,A,195,"Biography,Drama,History","Liam Neeson,Ralph Fiennes,Ben Kingsley,Caroline Goodall,Jonathan Sagall,Embeth Davidtz,Malgorzata Gebel,Shmuel Levy,Mark Ivanir,Béatrice Macola,Andrzej Seweryn,Friedrich von Thun,Krzysztof Luft,Harry Nehring,Norbert Weisser,Adi Nitzan,Michael Schneider,Miri Fabian",Steven Spielberg,"Thomas Keneally,Steven Zaillian",Steven Spielberg,Liam Neeson
7,The Lord of the Rings: The Return of the King,2003,1786498,9,U,201,"Action,Adventure,Drama","Elijah Wood,Viggo Mortensen,Ian McKellen,Orlando Bloom,Noel Appleby,Ali Astin,Sean Astin,David Aston,John Bach,Sean Bean,Cate Blanchett,Billy Boyd,Sadwyn Brophy,Alistair Browning,Marton Csokas,Richard Edge,Jason Fitch,Bernard Hill",Peter Jackson,"J.R.R. Tolkien,Fran Walsh,Philippa Boyens",Peter Jackson,Elijah Wood
8,Pulp Fiction,1994,1993957,8.9,A,154,"Crime,Drama","John Travolta,Uma Thurman,Samuel L. Jackson,Bruce Willis,Tim Roth,Amanda Plummer,Laura Lovelace,Phil LaMarr,Frank Whaley,Burr Steers,Ving Rhames,Paul Calderon,Bronagh Gallagher,Rosanna Arquette,Eric Stoltz,Jerome Patrick Hoban,Michael Gilden,Gary Shorelle",Quentin Tarantino,"Quentin Tarantino,Roger Avary",Quentin Tarantino,John Travolta
9,The Lord of the Rings: The Fellowship of the Ring,2001,1807565,8.8,U,178,"Action,Adventure,Drama","Elijah Wood,Ian McKellen,Orlando Bloom,Sean Bean,Alan Howard,Noel Appleby,Sean Astin,Sala Baker,Billy Boyd,Andy Serkis,Marton Csokas,Viggo Mortensen,Megan Edwards,Michael Elsworth,Cate Blanchett,Mark Ferguson,Ian Holm,Christopher Lee",Peter Jackson,"J.R.R. Tolkien,Fran Walsh,Philippa Boyens",Peter Jackson,Elijah Wood
10,"Il buono, il brutto, il cattivo",1966,746053,8.8,A,161,"Adventure,Western","Clint Eastwood,Eli Wallach,Lee Van Cleef,Aldo Giuffrè,Luigi Pistilli,Rada Rassimov,Enzo Petito,Claudio Scarchilli,John Bartha,Livio Lorenzon,Antonio Casale,Sandro Scarchilli,Benito Stefanelli,Angelo Novi,Antonio Casas,Aldo Sambrell,Al Mulock,Sergio Mendizábal",Sergio Leone,"Luciano Vincenzoni,Sergio Leone,Agenore Incrocci",Sergio Leone,Clint Eastwood
11,Forrest Gump,1994,2009640,8.8,UA,142,"Drama,Romance","Tom Hanks,Robin Wright,Gary Sinise,Sally Field,Rebecca Williams,Michael Conner Humphreys,Harold G. Herthum,George Kelly,Bob Penny,John Randall,Sam Anderson,Margo Moorer,Ione M. Telech,Christine Seabrook,John Worsham,Peter Dobson,Siobhan Fallon Hogan,Alexander Zemeckis",Robert Zemeckis,"Winston Groom,Eric Roth",Robert Zemeckis,Tom Hanks
12,Fight Club,1999,2048759,8.8,A,139,Drama,"Brad Pitt,Edward Norton,Meat Loaf,Zach Grenier,Richmond Arquette,David Andrews,George Maguire,Eugenie Bondurant,Christina Cabot,Helena Bonham Carter,Sydney 'Big Dawg' Colston,Rachel Singer,Christie Cronenweth,Tim DeZarn,Ezra Buzzington,Dierdre Downing-Jackson,Bob Stephenson,Charlie Dell",David Fincher,"Chuck Palahniuk,Jim Uhls",David Fincher,Brad Pitt
13,Inception,2010,2282447,8.8,UA,148,"Action,Adventure,Sci-Fi","Leonardo DiCaprio,Joseph Gordon-Levitt,Elliot Page,Ken Watanabe,Tom Hardy,Dileep Rao,Cillian Murphy,Tom Berenger,Marion Cotillard,Pete Postlethwaite,Michael Caine,Lukas Haas,Tai-Li Lee,Claire Geare,Magnus Nolan,Taylor Geare,Johnathan Geare,Tohoru Masamune",Christopher Nolan,Christopher Nolan,Christopher Nolan,Leonardo DiCaprio
14,The Lord of the Rings: The Two Towers,2002,1613445,8.8,UA,179,"Action,Adventure,Drama","Elijah Wood,Ian McKellen,Viggo Mortensen,Orlando Bloom,Bruce Allpress,Sean Astin,John Bach,Sala Baker,Cate Blanchett,Billy Boyd,Jed Brophy,Sam Comery,Brad Dourif,Calum Gittins,Bernard Hill,Bruce Hopkins,Paris Howe Strewe,Christopher Lee",Peter Jackson,"J.R.R. Tolkien,Fran Walsh,Philippa Boyens",Peter Jackson,Elijah Wood
15,The Empire Strikes Back,1980,1258886,8.7,UA,124,"Action,Adventure,Fantasy","Mark Hamill,Harrison Ford,Carrie Fisher,Billy Dee Williams,Anthony Daniels,David Prowse,Peter Mayhew,Kenny Baker,Frank Oz,Alec Guinness,Jeremy Bulloch,John Hollis,Jack Purvis,Des Webb,Clive Revill,Kenneth Colley,Julian Glover,Michael Sheard",Irvin Kershner,"Leigh Brackett,Lawrence Kasdan,George Lucas",Irvin Kershner,Mark Hamill
16,The Matrix,1999,1867547,8.7,A,136,"Action,Sci-Fi","Keanu Reeves,Laurence Fishburne,Carrie-Anne Moss,Hugo Weaving,Gloria Foster,Joe Pantoliano,Marcus Chong,Julian Arahanga,Matt Doran,Belinda McClory,Anthony Ray Parker,Paul Goddard,Robert Taylor,David Aston,Marc Aden Gray,Ada Nicodemou,Deni Gordon,Rowan Witt","Lana Wachowski,Lilly Wachowski","Lilly Wachowski,Lana Wachowski",Lana Wachowski,Keanu Reeves
17,Goodfellas,1990,1124975,8.7,A,145,"Biography,Crime,Drama","Robert De Niro,Ray Liotta,Joe Pesci,Lorraine Bracco,Paul Sorvino,Frank Sivero,Tony Darrow,Mike Starr,Frank Vincent,Chuck Low,Frank DiLeo,Henny Youngman,Gina Mastrogiacomo,Catherine Scorsese,Charles Scorsese,Suzanne Shepherd,Debi Mazar,Margo Winkler",Martin Scorsese,"Nicholas Pileggi,Martin Scorsese",Martin Scorsese,Robert De Niro
18,One Flew Over the Cuckoo's Nest,1975,987558,8.7,A,133,Drama,"Jack Nicholson,Louise Fletcher,Michael Berryman,Peter Brocco,Dean R. Brooks,Alonzo Brown,Scatman Crothers,Mwako Cumbuka,Danny DeVito,William Duell,Josip Elic,Lan Fendors,Nathan George,Ken Kenny,Mel Lambert,Sydney Lassick,Kay Lee,Christopher Lloyd",Milos Forman,"Lawrence Hauben,Bo Goldman,Ken Kesey",Milos Forman,Jack Nicholson
19,Se7en,1995,1596843,8.6,A,127,"Crime,Drama,Mystery","Morgan Freeman,Brad Pitt,Kevin Spacey,Andrew Kevin Walker,Daniel Zacapa,Gwyneth Paltrow,John Cassini,Bob Mack,Peter Crombie,Reg E. Cathey,R. Lee Ermey,George Christy,Endre Hules,Hawthorne James,William Davidson,Bob Collins,Jimmy Dale Hartsell,Richard Roundtree",David Fincher,Andrew Kevin Walker,David Fincher,Morgan Freeman
20,Shichinin no samurai,1954,340526,8.6,U,207,"Action,Drama","Toshirô Mifune,Takashi Shimura,Keiko Tsushima,Yukiko Shimazaki,Kamatari Fujiwara,Daisuke Katô,Isao Kimura,Minoru Chiaki,Seiji Miyaguchi,Yoshio Kosugi,Bokuzen Hidari,Yoshio Inaba,Yoshio Tsuchiya,Kokuten Kôdô,Eijirô Tôno,Kichijirô Ueda,Jun Tatara,Atsushi Watanabe",Akira Kurosawa,"Akira Kurosawa,Shinobu Hashimoto,Hideo Oguni",Akira Kurosawa,Toshirô Mifune
21,It's a Wonderful Life,1946,446922,8.6,PG,130,"Drama,Family,Fantasy","James Stewart,Donna Reed,Lionel Barrymore,Thomas Mitchell,Henry Travers,Beulah Bondi,Frank Faylen,Ward Bond,Gloria Grahame,H.B. Warner,Frank Albertson,Todd Karns,Samuel S. Hinds,Mary Treen,Virginia Patton,Charles Williams,Sarah Edwards,William Edmunds",Frank Capra,"Frances Goodrich,Albert Hackett,Frank Capra",Frank Capra,James Stewart
22,The Silence of the Lambs,1991,1392578,8.6,A,118,"Crime,Drama,Thriller","Jodie Foster,Anthony Hopkins,Lawrence A. Bonney,Kasi Lemmons,Lawrence T. Wrentz,Scott Glenn,Anthony Heald,Frankie Faison,Don Brockett,Frank Seals Jr.,Stuart Rudin,Maria Skorobogatov,Jeffrie Lane,Leib Lensky,George 'Red' Schwartz,Jim Roche,Brooke Smith,Ted Levine",Jonathan Demme,"Thomas Harris,Ted Tally",Jonathan Demme,Jodie Foster
23,Cidade de Deus,2002,743932,8.6,A,130,"Crime,Drama","Alexandre Rodrigues,Leandro Firmino,Matheus Nachtergaele,Phellipe Haagensen,Douglas Silva,Jonathan Haagensen,Seu Jorge,Jefechander Suplino,Alice Braga,Emerson Gomes,Edson Oliveira,Michel Gomes,Roberta Rodrigues,Luis Otávio,Kiko Marques,Gustavo Engrácia,Darlan Cunha,Robson Rocha","Fernando Meirelles,Kátia Lund","Paulo Lins,Bráulio Mantovani",Fernando Meirelles,Alexandre Rodrigues
24,Saving Private Ryan,1998,1354311,8.6,A,169,"Drama,War","Tom Hanks,Matt Damon,Tom Sizemore,Edward Burns,Barry Pepper,Adam Goldberg,Vin Diesel,Giovanni Ribisi,Jeremy Davies,Ted Danson,Paul Giamatti,Dennis Farina,Joerg Stadler,Max Martini,Dylan Bruno,Daniel Cerqueira,Demetri Goritsas,Ian Porter",Steven Spielberg,Robert Rodat,Steven Spielberg,Tom Hanks
25,La vita è bella,1997,679573,8.6,U,116,"Comedy,Drama,Romance","Roberto Benigni,Nicoletta Braschi,Giorgio Cantarini,Giustino Durano,Sergio Bini Bustric,Marisa Paredes,Horst Buchholz,Lidia Alfonsi,Giuliana Lojodice,Amerigo Fontani,Pietro De Silva,Francesco Guzzo,Raffaella Lebboroni,Claudio Alfonsi,Gil Baroni,Massimo Bianchi,Jürgen Bohn,Verena Buratti",Roberto Benigni,"Vincenzo Cerami,Roberto Benigni",Roberto Benigni,Roberto Benigni
26,The Green Mile,1999,1264587,8.6,UA,189,"Crime,Drama,Fantasy","Tom Hanks,Michael Clarke Duncan,David Morse,Bonnie Hunt,James Cromwell,Michael Jeter,Graham Greene,Doug Hutchison,Sam Rockwell,Barry Pepper,Jeffrey DeMunn,Patricia Clarkson,Harry Dean Stanton,Dabbs Greer,Eve Brent,William Sadler,Mack Miles,Rai Tasco",Frank Darabont,"Stephen King,Frank Darabont",Frank Darabont,Tom Hanks
27,Interstellar,2014,1743555,8.6,UA,169,"Adventure,Drama,Sci-Fi","Matthew McConaughey,Anne Hathaway,Jessica Chastain,Mackenzie Foy,Ellen Burstyn,John Lithgow,Timothée Chalamet,David Oyelowo,Collette Wolfe,Francis X. McCarthy,Bill Irwin,Andrew Borba,Wes Bentley,William Devane,Michael Caine,David Gyasi,Josh Stewart,Casey Affleck",Christopher Nolan,"Jonathan Nolan,Christopher Nolan",Christopher Nolan,Matthew McConaughey
28,Star Wars,1977,1330965,8.6,U,121,"Action,Adventure,Fantasy","Mark Hamill,Harrison Ford,Carrie Fisher,Alec Guinness,Peter Cushing,Anthony Daniels,Kenny Baker,Peter Mayhew,David Prowse,Phil Brown,Shelagh Fraser,Jack Purvis,Alex McCrindle,Eddie Byrne,Drewe Henley,Denis Lawson,Garrick Hagon,Jack Klaff",George Lucas,George Lucas,George Lucas,Mark Hamill
29,Terminator 2: Judgment Day,1991,1073286,8.6,A,137,"Action,Sci-Fi","Arnold Schwarzenegger,Linda Hamilton,Edward Furlong,Robert Patrick,Earl Boen,Joe Morton,S. Epatha Merkerson,Castulo Guerra,Danny Cooksey,Jenette Goldstein,Xander Berkeley,Leslie Hamilton Gearren,Ken Gibbel,Robert Winley,Peter Schrum,Shane Wilder,Michael Edwards,Jared Lounsbery",James Cameron,"James Cameron,William Wisher",James Cameron,Arnold Schwarzenegger
30,Back to the Future,1985,1167865,8.5,U,116,"Adventure,Comedy,Sci-Fi","Michael J. Fox,Christopher Lloyd,Lea Thompson,Crispin Glover,Tom Wilson,Claudia Wells,Marc McClure,Wendie Jo Sperber,George DiCenzo,Frances Lee McCain,James Tolkan,J.J. Cohen,Casey Siemaszko,Billy Zane,Harry Waters Jr.,Donald Fullilove,Lisa Freeman,Cristen Kauffman",Robert Zemeckis,"Robert Zemeckis,Bob Gale",Robert Zemeckis,Michael J. Fox
31,Sen to Chihiro no kamikakushi,2001,737358,8.6,U,125,"Animation,Adventure,Family","Daveigh Chase,Suzanne Pleshette,Miyu Irino,Rumi Hiiragi,Mari Natsuki,Takashi Naitô,Yasuko Sawaguchi,Tatsuya Gashûin,Ryûnosuke Kamiki,Yumi Tamai,Yô Ôizumi,Koba Hayashi,Tsunehiko Kamijô,Takehiko Ono,Bunta Sugawara,Shigeru Wakita,Shirô Saitô,Michiko Yamamoto",Hayao Miyazaki,Hayao Miyazaki,Hayao Miyazaki,Daveigh Chase
32,Psycho,1960,656425,8.5,A,109,"Horror,Mystery,Thriller","Anthony Perkins,Janet Leigh,Vera Miles,John Gavin,Martin Balsam,John McIntire,Simon Oakland,Frank Albertson,Patricia Hitchcock,Vaughn Taylor,Lurene Tuttle,John Anderson,Mort Mills,Fletcher Allen,Walter Bacon,Prudence Beers,Kit Carson,Francis De Sales",Alfred Hitchcock,"Joseph Stefano,Robert Bloch",Alfred Hitchcock,Anthony Perkins
33,The Pianist,2002,809467,8.5,13,150,"Biography,Drama,Music","Adrien Brody,Thomas Kretschmann,Frank Finlay,Emilia Fox,Michal Zebrowski,Ed Stoppard,Maureen Lipman,Jessica Kate Meyer,Julia Rayner,Wanja Mues,Richard Ridings,Nomi Sharron,Anthony Milner,Lucy Skeaping,Roddy Skeaping,Ben Harlan,Thomas Lawinky,Joachim Paul Assböck",Roman Polanski,"Ronald Harwood,Wladyslaw Szpilman",Roman Polanski,Adrien Brody
34,Léon,1994,1132261,8.5,A,110,"Action,Crime,Drama","Jean Reno,Gary Oldman,Natalie Portman,Danny Aiello,Peter Appel,Willi One Blood,Don Creech,Keith A. Glascoe,Randolph Scott,Michael Badalucco,Ellen Greene,Elizabeth Regen,Carl J. Matusovich,Frank Senger,Lucius Wyatt Cherokee,Eric Challier,Luc Bernard,Maïwenn",Luc Besson,Luc Besson,Luc Besson,Jean Reno
35,Gisaengchung,2019,752365,8.5,A,132,"Comedy,Drama,Thriller","Song Kang-ho,Sun-kyun Lee,Cho Yeo-jeong,Choi Woo-sik,So-dam Park,Lee Jeong-eun,Jang Hye-jin,Park Myeong-hoon,Ji-so Jung,Hyun-jun Jung,Keun-rok Park,Yi-Seo Jung,Jae-myeong Jo,Ik-han Jung,Kyu-baek Kim,Hwang In Kyung,Ahn Seong-Bong,Kim Jin Hyung",Bong Joon Ho,"Bong Joon Ho,Han Jin-won",Bong Joon Ho,Song Kang-ho
36,The Lion King,1994,1030401,8.5,U,88,"Animation,Adventure,Drama","Matthew Broderick,Jeremy Irons,James Earl Jones,Whoopi Goldberg,Rowan Atkinson,Niketa Calame-Harris,Jim Cummings,Robert Guillaume,Moira Kelly,Nathan Lane,Zoe Leader,Cheech Marin,Ernie Sabella,Madge Sinclair,Jonathan Taylor Thomas,Frank Welker,Cathy Cavadini,Judi M. Durand","Roger Allers,Rob Minkoff","Irene Mecchi,Jonathan Roberts,Linda Woolverton",Roger Allers,Matthew Broderick
37,Gladiator,2000,1461459,8.5,UA,155,"Action,Adventure,Drama","Russell Crowe,Joaquin Phoenix,Connie Nielsen,Oliver Reed,Richard Harris,Derek Jacobi,Djimon Hounsou,David Schofield,John Shrapnel,Tomas Arana,Ralf Moeller,Spencer Treat Clark,David Hemmings,Tommy Flanagan,Sven-Ole Thorsen,Omid Djalili,Nicholas McGaughey,Chris Kell",Ridley Scott,"David Franzoni,John Logan,William Nicholson",Ridley Scott,Russell Crowe
38,American History X,1998,1100708,8.5,R,119,"Crime,Drama","Edward Norton,Edward Furlong,Beverly D'Angelo,Jennifer Lien,Ethan Suplee,Fairuza Balk,Avery Brooks,Elliott Gould,Stacy Keach,William Russ,Guy Torry,Joe Cortese,Jason Bose Smith,Antonio David Lyons,Alex Sol,Keram Malicki-Sánchez,Giuseppe Andrews,Michelle Christine White",Tony Kaye,David McKenna,Tony Kaye,Edward Norton
39,The Usual Suspects,1995,1064869,8.5,A,106,"Crime,Drama,Mystery","Kevin Spacey,Gabriel Byrne,Chazz Palminteri,Stephen Baldwin,Benicio Del Toro,Kevin Pollak,Pete Postlethwaite,Suzy Amis,Giancarlo Esposito,Dan Hedaya,Paul Bartel,Carl Bressler,Phillipe Simon,Jack Shearer,Christine Estabrook,Clark Gregg,Morgan Hunter,Ken Daly",Bryan Singer,Christopher McQuarrie,Bryan Singer,Kevin Spacey
40,The Departed,2006,1292858,8.5,A,151,"Crime,Drama,Thriller","Leonardo DiCaprio,Matt Damon,Jack Nicholson,Mark Wahlberg,Martin Sheen,Ray Winstone,Vera Farmiga,Anthony Anderson,Alec Baldwin,Kevin Corrigan,James Badge Dale,David O'Hara,Mark Rolston,Robert Wahlberg,Kristen Dalton,Thomas B. Duffy,Richard Hughes,J.C. MacKenzie",Martin Scorsese,"William Monahan,Alan Mak,Felix Chong",Martin Scorsese,Leonardo DiCaprio
41,The Prestige,2006,1299898,8.5,U,130,"Drama,Mystery,Sci-Fi","Christian Bale,Hugh Jackman,Scarlett Johansson,Michael Caine,Piper Perabo,Rebecca Hall,Samantha Mahurin,David Bowie,Andy Serkis,Daniel Davis,Jim Piddock,Christopher Neame,Mark Ryan,Roger Rees,Jamie Harris,Monty Stuart,Ron Perkins,Ricky Jay",Christopher Nolan,"Jonathan Nolan,Christopher Nolan,Christopher Priest",Christopher Nolan,Christian Bale
42,Casablanca,1942,561755,8.5,U,102,"Drama,Romance,War","Humphrey Bogart,Ingrid Bergman,Paul Henreid,Claude Rains,Conrad Veidt,Sydney Greenstreet,Peter Lorre,S.Z. Sakall,Madeleine Lebeau,Dooley Wilson,Joy Page,John Qualen,Leonid Kinskey,Curt Bois,Abdullah Abbas,Enrique Acosta,Ed Agresti,Arnet Amos",Michael Curtiz,"Julius J. Epstein,Philip G. Epstein,Howard Koch",Michael Curtiz,Humphrey Bogart
43,Top Gun: Maverick,2022,182091,8.6,UA,130,"Action,Drama","Tom Cruise,Jennifer Connelly,Miles Teller,Val Kilmer,Bashir Salahuddin,Jon Hamm,Charles Parnell,Monica Barbaro,Lewis Pullman,Jay Ellis,Danny Ramirez,Glen Powell,Jack Schumacher,Manny Jacinto,Kara Wang,Greg Tarzan Davis,Jake Picking,Raymond Lee",Joseph Kosinski,"Jim Cash,Jack Epps Jr.,Peter Craig",Joseph Kosinski,Tom Cruise
44,Whiplash,2014,816452,8.5,A,106,"Drama,Music","Miles Teller,J.K. Simmons,Melissa Benoist,Paul Reiser,Austin Stowell,Nate Lang,Chris Mulkey,Damon Gupton,Suanne Spoke,Max Kasch,Charlie Ian,Jayson Blair,Kofi Siriboe,Kavita Patil,C.J. Vana,Tarik Lowe,Tyler Kimball,Rogelio Douglas Jr.",Damien Chazelle,Damien Chazelle,Damien Chazelle,Miles Teller
45,The Intouchables,2011,836025,8.5,UA,112,"Biography,Comedy,Drama","François Cluzet,Omar Sy,Anne Le Ny,Audrey Fleurot,Joséphine de Meaux,Clotilde Mollet,Alba Gaïa Bellugi,Cyril Mendy,Salimata Kamate,Absa Diatou Toure,Grégoire Oestermann,Dominique Daguier,François Caron,Christian Ameri,Thomas Solivérès,Dorothée Brière,Marie-Laure Descoureaux,Émilie Caen","Olivier Nakache,Éric Toledano","Olivier Nakache,Philippe Pozzo di Borgo,Éric Toledano",Olivier Nakache,François Cluzet
46,Modern Times,1936,238388,8.5,G,87,"Comedy,Drama,Romance","Charles Chaplin,Paulette Goddard,Henry Bergman,Tiny Sandford,Chester Conklin,Hank Mann,Stanley Blystone,Al Ernest Garcia,Richard Alexander,Cecil Reynolds,Mira McKinney,Murdock MacQuarrie,Wilfred Lucas,Edward LeSaint,Fred Malatesta,Sammy Stein,Juana Sutton,Ted Oliver",Charles Chaplin,Charles Chaplin,Charles Chaplin,Charles Chaplin
47,Seppuku,1962,54568,8.6,Not Rated,133,"Action,Drama,Mystery","Tatsuya Nakadai,Akira Ishihama,Shima Iwashita,Tetsurô Tanba,Masao Mishima,Ichirô Nakatani,Kei Satô,Yoshio Inaba,Hisashi Igawa,Tôru Takeuchi,Yoshirô Aoki,Tatsuo Matsumura,Akiji Kobayashi,Kôichi Hayashi,Ryûtarô Gomi,Jô Azumi,Nakajirô Tomita,Shichisaburô Amatsu",Masaki Kobayashi,"Yasuhiko Takiguchi,Shinobu Hashimoto",Masaki Kobayashi,Tatsuya Nakadai
48,Once Upon a Time in the West,1968,324490,8.5,U,165,Western,"Henry Fonda,Charles Bronson,Claudia Cardinale,Jason Robards,Gabriele Ferzetti,Paolo Stoppa,Woody Strode,Jack Elam,Keenan Wynn,Frank Wolff,Lionel Stander,Livio Andronico,Salvatore Basile,Aldo Berti,Joseph Bradley,Frank Braña,Marilù Carteny,Saturno Cerra",Sergio Leone,"Sergio Donati,Sergio Leone,Dario Argento",Sergio Leone,Henry Fonda
49,Hotaru no haka,1988,268799,8.5,U,89,"Animation,Drama,War","Tsutomu Tatsumi,Ayano Shiraishi,Akemi Yamaguchi,Yoshiko Shinohara,Kôzô Hashida,Masayo Sakai,Kazumi Nozaki,Yoshio Matsuoka,Masahiro Kanetake,Kiyoshi Yanagawa,Hajime Maki,Atsuo Omote,Teruhisa Harita,Hiroshi Tanaka,Michio Denpô,Shirô Tamaki,Tadashi Nakamura,Mika Sekita",Isao Takahata,"Akiyuki Nosaka,Isao Takahata",Isao Takahata,Tsutomu Tatsumi
50,Rear Window,1954,482592,8.5,U,112,"Mystery,Thriller","James Stewart,Grace Kelly,Wendell Corey,Thelma Ritter,Raymond Burr,Judith Evelyn,Ross Bagdasarian,Georgine Darcy,Sara Berner,Frank Cady,Jesslyn Fax,Rand Harper,Irene Winston,Havis Davenport,Jerry Antes,Barbara Bailey,Benny Bartlett,Nick Borgani",Alfred Hitchcock,"John Michael Hayes,Cornell Woolrich",Alfred Hitchcock,James Stewart
51,Alien,1979,858415,8.5,R,117,"Horror,Sci-Fi","Sigourney Weaver,Tom Skerritt,John Hurt,Veronica Cartwright,Harry Dean Stanton,Ian Holm,Yaphet Kotto,Bolaji Badejo,Helen Horton,Eddie Powell",Ridley Scott,"Dan O'Bannon,Ronald Shusett",Ridley Scott,Sigourney Weaver
52,City Lights,1931,182318,8.5,G,87,"Comedy,Drama,Romance","Charles Chaplin,Virginia Cherrill,Florence Lee,Harry Myers,Al Ernest Garcia,Hank Mann,Johnny Aber,Jack Alexander,T.S. Alexander,Victor Alexander,Albert Austin,Harry Ayers,Eddie Baker,Henry Bergman,Edward Biby,Betty Blair,Buster Brodie,Jeanne Carpenter",Charles Chaplin,"Charles Chaplin,Harry Carr,Harry Crocker",Charles Chaplin,Charles Chaplin
53,Nuovo Cinema Paradiso,1988,255903,8.5,U,155,"Drama,Romance","Philippe Noiret,Enzo Cannavale,Antonella Attili,Isa Danieli,Leo Gullotta,Marco Leonardi,Pupella Maggio,Agnese Nano,Leopoldo Trieste,Salvatore Cascio,Tano Cimarosa,Nicola Di Pinto,Roberta Lena,Nino Terzo,Jacques Perrin,Nellina Laganà,Turi Giuffrida,Mariella Lo Giudice",Giuseppe Tornatore,"Giuseppe Tornatore,Vanna Paoli",Giuseppe Tornatore,Philippe Noiret
54,Memento,2000,1211960,8.4,UA,113,"Mystery,Thriller","Guy Pearce,Carrie-Anne Moss,Joe Pantoliano,Mark Boone Junior,Russ Fega,Jorja Fox,Stephen Tobolowsky,Harriet Sansom Harris,Thomas Lennon,Callum Keith Rennie,Kimberly Campbell,Marianne Muellerleile,Larry Holden,Buzz Visconti",Christopher Nolan,"Christopher Nolan,Jonathan Nolan",Christopher Nolan,Guy Pearce
55,Apocalypse Now,1979,654121,8.5,R,147,"Drama,Mystery,War","Martin Sheen,Marlon Brando,Robert Duvall,Frederic Forrest,Sam Bottoms,Laurence Fishburne,Albert Hall,Harrison Ford,Dennis Hopper,G.D. Spradlin,Jerry Ziesmer,Scott Glenn,Bo Byers,James Keane,Kerry Rossall,Ron McQueen,Tom Mason,Cynthia Wood",Francis Ford Coppola,"John Milius,Francis Ford Coppola,Michael Herr",Francis Ford Coppola,Martin Sheen
56,Raiders of the Lost Ark,1981,947373,8.4,A,115,"Action,Adventure","Harrison Ford,Karen Allen,Paul Freeman,John Rhys-Davies,Ronald Lacey,Denholm Elliott,Alfred Molina,Wolf Kahler,Anthony Higgins,Vic Tablian,Don Fellows,William Hootkins,Bill Reimbold,Fred Sorenson,Patrick Durkin,Matthew Scurfield,Malcolm Weaver,Sonny Caldinez",Steven Spielberg,"Lawrence Kasdan,George Lucas,Philip Kaufman",Steven Spielberg,Harrison Ford
57,Django Unchained,2012,1504128,8.4,A,165,"Drama,Western","Jamie Foxx,Christoph Waltz,Leonardo DiCaprio,Kerry Washington,Samuel L. Jackson,Walton Goggins,Dennis Christopher,James Remar,David Steen,Dana Gourrier,Nichole Galicia,Laura Cayouette,Ato Essandoh,Sammi Rotibi,Clay Donahue Fontenot,Escalante Lundy,Miriam F. Glover,Don Johnson",Quentin Tarantino,Quentin Tarantino,Quentin Tarantino,Jamie Foxx
58,WALL·E,2008,1089504,8.4,U,98,"Animation,Adventure,Family","Ben Burtt,Elissa Knight,Jeff Garlin,Fred Willard,MacInTalk,John Ratzenberger,Kathy Najimy,Sigourney Weaver,Teddy Newton,Bob Bergen,John Cygan,Pete Docter,Paul Eiding,Donald Fullilove,Teresa Ganzel,Jess Harnell,Sherry Lynn,Mickie McGowan",Andrew Stanton,"Andrew Stanton,Pete Docter,Jim Reardon",Andrew Stanton,Ben Burtt
59,The Lives of Others,2006,384575,8.4,A,137,"Drama,Mystery,Thriller","Ulrich Mühe,Martina Gedeck,Sebastian Koch,Ulrich Tukur,Thomas Thieme,Hans-Uwe Bauer,Volkmar Kleinert,Matthias Brenner,Charly Hübner,Herbert Knaup,Bastian Trost,Marie Gruber,Volker Michalowski,Werner Daehn,Martin Brambach,Hubertus Hartmann,Thomas Arnold,Hinnerk Schönemann",Florian Henckel von Donnersmarck,Florian Henckel von Donnersmarck,Florian Henckel von Donnersmarck,Ulrich Mühe
60,Sunset Blvd.,1950,218557,8.4,Passed,110,"Drama,Film-Noir","William Holden,Gloria Swanson,Erich von Stroheim,Nancy Olson,Fred Clark,Lloyd Gough,Jack Webb,Franklyn Farnum,Larry J. Blake,Charles Dayton,Cecil B. DeMille,Hedda Hopper,Buster Keaton,Anna Q. Nilsson,H.B. Warner,Ray Evans,Jay Livingston,Fred Aldrich",Billy Wilder,"Charles Brackett,Billy Wilder,D.M. Marshman Jr.",Billy Wilder,William Holden
61,Paths of Glory,1957,194272,8.4,A,88,"Drama,War","Kirk Douglas,Ralph Meeker,Adolphe Menjou,George Macready,Wayne Morris,Richard Anderson,Joe Turkel,Christiane Kubrick,Jerry Hausner,Peter Capell,Emile Meyer,Bert Freed,Kem Dibbs,Timothy Carey,Fred Bell,John Stein,Harold Benedict,Leon Briggs",Stanley Kubrick,"Stanley Kubrick,Calder Willingham,Jim Thompson",Stanley Kubrick,Kirk Douglas
62,The Shining,1980,990778,8.4,A,146,"Drama,Horror","Jack Nicholson,Shelley Duvall,Danny Lloyd,Scatman Crothers,Barry Nelson,Philip Stone,Joe Turkel,Anne Jackson,Tony Burton,Lia Beldam,Billie Gibson,Barry Dennen,David Baxt,Manning Redwood,Lisa Burns,Louise Burns,Robin Pappas,Alison Coleridge",Stanley Kubrick,"Stephen King,Stanley Kubrick,Diane Johnson",Stanley Kubrick,Jack Nicholson
63,The Great Dictator,1940,221013,8.4,G,125,"Comedy,Drama,War","Charles Chaplin,Paulette Goddard,Jack Oakie,Reginald Gardiner,Henry Daniell,Billy Gilbert,Grace Hayle,Carter DeHaven,Maurice Moscovitch,Emma Dunn,Bernard Gorcey,Paul Weigel,Chester Conklin,Esther Michelson,Hank Mann,Florence Wright,Eddie Gribbon,Rudolph Anders",Charles Chaplin,Charles Chaplin,Charles Chaplin,Charles Chaplin
64,Witness for the Prosecution,1957,122792,8.4,U,116,"Crime,Drama,Mystery","Tyrone Power,Marlene Dietrich,Charles Laughton,Elsa Lanchester,John Williams,Henry Daniell,Ian Wolfe,Torin Thatcher,Norma Varden,Una O'Connor,Francis Compton,Philip Tonge,Ruta Lee,Patrick Aherne,Don Ames,Walter Bacon,Eddie Baker,Benjie Bancroft",Billy Wilder,"Agatha Christie,Billy Wilder,Harry Kurnitz",Billy Wilder,Tyrone Power
65,Avengers: Infinity War,2018,1025609,8.4,UA,149,"Action,Adventure,Sci-Fi","Robert Downey Jr.,Chris Hemsworth,Mark Ruffalo,Chris Evans,Scarlett Johansson,Don Cheadle,Benedict Cumberbatch,Tom Holland,Chadwick Boseman,Zoe Saldana,Karen Gillan,Tom Hiddleston,Paul Bettany,Elizabeth Olsen,Anthony Mackie,Sebastian Stan,Idris Elba,Danai Gurira","Anthony Russo,Joe Russo","Christopher Markus,Stephen McFeely,Stan Lee",Anthony Russo,Robert Downey Jr.
66,Aliens,1986,702670,8.4,U,137,"Action,Adventure,Sci-Fi","Sigourney Weaver,Michael Biehn,Carrie Henn,Paul Reiser,Lance Henriksen,Bill Paxton,William Hope,Jenette Goldstein,Al Matthews,Mark Rolston,Ricco Ross,Colette Hiller,Daniel Kash,Cynthia Dale Scott,Tip Tipping,Trevor Steedman,Paul Maxwell,Valerie Colgan",James Cameron,"James Cameron,David Giler,Walter Hill",James Cameron,Sigourney Weaver
67,American Beauty,1999,1135446,8.4,UA,122,Drama,"Kevin Spacey,Annette Bening,Thora Birch,Wes Bentley,Mena Suvari,Peter Gallagher,Allison Janney,Chris Cooper,Scott Bakula,Sam Robards,Barry Del Sherman,Ara Celi,John Cho,Fort Atkinson,Sue Casey,Kent Faulcon,Brenda Wehle,Lisa Cloud",Sam Mendes,Alan Ball,Sam Mendes,Kevin Spacey
68,Dr. Strangelove or: How I Learned to Stop Worrying and Love the Bomb,1964,482287,8.4,A,95,"Comedy,War","Peter Sellers,George C. Scott,Sterling Hayden,Keenan Wynn,Slim Pickens,Peter Bull,James Earl Jones,Tracy Reed,Jack Creley,Frank Berry,Robert O'Neil,Glenn Beck,Roy Stephens,Shane Rimmer,Hal Galili,Paul Tamarin,Laurence Herder,Gordon Tanner",Stanley Kubrick,"Stanley Kubrick,Terry Southern,Peter George",Stanley Kubrick,Peter Sellers
69,Spider-Man: Into the Spider-Verse,2018,497116,8.4,U,117,"Animation,Action,Adventure","Shameik Moore,Jake Johnson,Hailee Steinfeld,Mahershala Ali,Brian Tyree Henry,Lily Tomlin,Luna Lauren Velez,Zoë Kravitz,John Mulaney,Kimiko Glenn,Nicolas Cage,Kathryn Hahn,Liev Schreiber,Chris Pine,Natalie Morales,Edwin R. Habacon,Oscar Isaac,Greta Lee","Bob Persichetti,Peter Ramsey,Rodney Rothman","Phil Lord,Rodney Rothman",Bob Persichetti,Shameik Moore
70,The Dark Knight Rises,2012,1661234,8.4,UA,164,"Action,Drama","Christian Bale,Tom Hardy,Anne Hathaway,Gary Oldman,Joseph Gordon-Levitt,Marion Cotillard,Morgan Freeman,Michael Caine,Matthew Modine,Alon Aboutboul,Ben Mendelsohn,Burn Gorman,Daniel Sunjata,Aidan Gillen,Sam Kennard,Aliash Tepina,Nestor Carbonell,Brett Cullen",Christopher Nolan,"Jonathan Nolan,Christopher Nolan,David S. Goyer",Christopher Nolan,Christian Bale
71,Oldeuboi,2003,564942,8.4,A,101,"Action,Drama,Mystery","Choi Min-sik,Yoo Ji-Tae,Kang Hye-jeong,Kim Byeong-Ok,Dae-han Ji,Dal-su Oh,Seung-shin Lee,Jin-Seo Yoon,Tae-kyung Oh,Yoo Yeon-Seok,Il-han Oo,Young-hee Lee,Young-ae Kim,Mi Mi Lee,Jae-Duk Han,Jung Ae Kwak,San Kim,Chae-soo Jang",Park Chan-wook,"Garon Tsuchiya,Nobuaki Minegishi,Park Chan-wook",Park Chan-wook,Choi Min-sik
72,Joker,2019,1205044,8.4,A,122,"Crime,Drama,Thriller","Joaquin Phoenix,Robert De Niro,Zazie Beetz,Frances Conroy,Brett Cullen,Shea Whigham,Bill Camp,Glenn Fleshler,Leigh Gill,Josh Pais,Rocco Luna,Marc Maron,Sondra James,Murphy Guyer,Douglas Hodge,Dante Pereira-Olson,Carrie Louise Putrello,Sharon Washington",Todd Phillips,"Todd Phillips,Scott Silver,Bob Kane",Todd Phillips,Joaquin Phoenix
73,Amadeus,1984,394982,8.4,PG,160,"Biography,Drama,Music","F. Murray Abraham,Tom Hulce,Elizabeth Berridge,Roy Dotrice,Simon Callow,Christine Ebersole,Jeffrey Jones,Charles Kay,Kenneth McMillan,Kenny Baker,Lisbeth Bartlett,Barbara Bryne,Martin Cavina,Roderick Cook,Milan Demjanenko,Peter DiGesu,Richard Frank,Patrick Hines",Milos Forman,"Peter Shaffer,Zdenek Mahler",Milos Forman,F. Murray Abraham
74,Braveheart,1995,1020631,8.4,A,178,"Biography,Drama,History","Mel Gibson,Sophie Marceau,Patrick McGoohan,Angus Macfadyen,James Robinson,Sean Lawlor,Sandy Nelson,James Cosmo,Sean McGinley,Alan Tall,Andrew Weir,Gerda Stevenson,Ralph Riach,Mhairi Calvey,Brian Cox,Peter Hanly,Stephen Billington,Barry McGovern",Mel Gibson,Randall Wallace,Mel Gibson,Mel Gibson
75,Toy Story,1995,969469,8.3,U,81,"Animation,Adventure,Comedy","Tom Hanks,Tim Allen,Don Rickles,Jim Varney,Wallace Shawn,John Ratzenberger,Annie Potts,John Morris,Erik von Detten,Laurie Metcalf,R. Lee Ermey,Sarah Rayne,Penn Jillette,Jack Angel,Spencer Aste,Greg Berg,Lisa Bradley,Kendall Cunningham",John Lasseter,"John Lasseter,Pete Docter,Andrew Stanton",John Lasseter,Tom Hanks
76,Coco,2017,482343,8.4,U,105,"Animation,Adventure,Comedy","Anthony Gonzalez,Gael García Bernal,Benjamin Bratt,Alanna Ubach,Renee Victor,Jaime Camil,Alfonso Arau,Herbert Siguenza,Gabriel Iglesias,Lombardo Boyar,Ana Ofelia Murguía,Natalia Cordova-Buckley,Selene Luna,Edward James Olmos,Sofía Espinosa,Carla Medina,Dyana Ortelli,Luis Valdez","Lee Unkrich,Adrian Molina","Lee Unkrich,Jason Katz,Matthew Aldrich",Lee Unkrich,Anthony Gonzalez
77,Das Boot,1981,247940,8.4,,Nan,"Drama,War","Jürgen Prochnow,Herbert Grönemeyer,Klaus Wennemann,Hubertus Bengsch,Martin Semmelrogge,Bernd Tauber,Erwin Leder,Martin May,Heinz Hoenig,Uwe Ochsenknecht,Claude-Oliver Rudolph,Jan Fedder,Ralf Richter,Joachim Bernhard,Oliver Stritzel,Konrad Becker,Lutz Schnell,Martin Hemme",Wolfgang Petersen,"Wolfgang Petersen,Lothar G. Buchheim",Wolfgang Petersen,Jürgen Prochnow
78,Inglourious Basterds,2009,1402653,8.3,A,153,"Adventure,Drama,War","Brad Pitt,Diane Kruger,Eli Roth,Mélanie Laurent,Christoph Waltz,Michael Fassbender,Daniel Brühl,Til Schweiger,Gedeon Burkhard,Jacky Ido,B.J. Novak,Omar Doom,August Diehl,Denis Ménochet,Sylvester Groth,Martin Wuttke,Mike Myers,Julie Dreyfus",Quentin Tarantino,Quentin Tarantino,Quentin Tarantino,Brad Pitt
79,Mononoke-hime,1997,384407,8.4,U,134,"Animation,Adventure,Fantasy","Yôji Matsuda,Yuriko Ishida,Yûko Tanaka,Billy Crudup,Billy Bob Thornton,Minnie Driver,John DiMaggio,Claire Danes,John DeMita,Jada Pinkett Smith,Gillian Anderson,Keith David,Corey Burton,Tara Strong,Julia Fletcher,Debi Derryberry,Alex Fernandez,Jack Fletcher",Hayao Miyazaki,"Hayao Miyazaki,Neil Gaiman",Hayao Miyazaki,Yôji Matsuda
80,Avengers: Endgame,2019,1065717,8.4,UA,181,"Action,Adventure,Drama","Robert Downey Jr.,Chris Evans,Mark Ruffalo,Chris Hemsworth,Scarlett Johansson,Jeremy Renner,Don Cheadle,Paul Rudd,Benedict Cumberbatch,Chadwick Boseman,Brie Larson,Tom Holland,Karen Gillan,Zoe Saldana,Evangeline Lilly,Tessa Thompson,Rene Russo,Elizabeth Olsen","Anthony Russo,Joe Russo","Christopher Markus,Stephen McFeely,Stan Lee",Anthony Russo,Robert Downey Jr.
81,Once Upon a Time in America,1984,344833,8.3,A,229,"Crime,Drama","Robert De Niro,James Woods,Elizabeth McGovern,Treat Williams,Tuesday Weld,Burt Young,Joe Pesci,Danny Aiello,William Forsythe,James Hayden,Darlanne Fluegel,Larry Rapp,Dutch Miller,Robert Harper,Richard Bright,Gerard Murphy,Amy Ryder,Olga Karlatos",Sergio Leone,"Harry Grey,Leonardo Benvenuti,Piero De Bernardi",Sergio Leone,Robert De Niro
82,Good Will Hunting,1997,942633,8.3,U,126,"Drama,Romance","Robin Williams,Matt Damon,Ben Affleck,Stellan Skarsgård,John Mighton,Rachel Majorowski,Colleen McCauley,Casey Affleck,Cole Hauser,Matt Mercier,Ralph St. George,Rob Lynds,Dan Washington,Alison Folland,Derrick Bridgeman,Vik Sahay,Shannon Egleson,Rob Lyons",Gus Van Sant,"Matt Damon,Ben Affleck",Gus Van Sant,Robin Williams
83,Requiem for a Dream,2000,824766,8.3,A,102,Drama,"Ellen Burstyn,Jared Leto,Jennifer Connelly,Marlon Wayans,Christopher McDonald,Louise Lasser,Marcia Jean Kurtz,Janet Sarno,Suzanne Shepherd,Joanne Gordon,Charlotte Aronofsky,Mark Margolis,Michael Kaycheck,Jack O'Connell,Chas Mastin,Ajay Naidu,Sean Gullette,Samia Shoaib",Darren Aronofsky,"Hubert Selby Jr.,Darren Aronofsky",Darren Aronofsky,Ellen Burstyn
84,Toy Story 3,2010,818217,8.3,U,103,"Animation,Adventure,Comedy","Tom Hanks,Tim Allen,Joan Cusack,Ned Beatty,Don Rickles,Michael Keaton,Wallace Shawn,John Ratzenberger,Estelle Harris,John Morris,Jodi Benson,Emily Ricks Hahn,Laurie Metcalf,Blake Clark,Teddy Newton,Bud Luckey,Bea Miller,Javier Fernández-Peña",Lee Unkrich,"John Lasseter,Andrew Stanton,Lee Unkrich",Lee Unkrich,Tom Hanks
85,Kimi no na wa.,2016,253913,8.4,U,106,"Animation,Drama,Fantasy","Ryûnosuke Kamiki,Mone Kamishiraishi,Ryô Narita,Aoi Yûki,Nobunaga Shimazaki,Kaito Ishikawa,Kanon Tani,Masaki Terasoma,Sayaka Ôhara,Kazuhiko Inoue,Chafûrin,Kana Hanazawa,Yuka Terasaki,Takashi Onozuka,Yôhei Namekawa,Miyu Tsuji,Shin'ya Hamazoe,Kanami Satô",Makoto Shinkai,"Makoto Shinkai,Clark Cheng",Makoto Shinkai,Ryûnosuke Kamiki
86,Singin' in the Rain,1952,238401,8.3,G,103,"Comedy,Musical,Romance","Gene Kelly,Donald O'Connor,Debbie Reynolds,Jean Hagen,Millard Mitchell,Cyd Charisse,Douglas Fowley,Rita Moreno,Dawn Addams,John Albright,Betty Allen,Sue Allen,John Angelo,Marie Ardell,Bette Arlen,David Bair,Jimmy Bates,Mary Bayless","Stanley Donen,Gene Kelly","Betty Comden,Adolph Green",Stanley Donen,Gene Kelly
87,3 Idiots,2009,388581,8.4,UA,170,"Comedy,Drama","Aamir Khan,Madhavan,Mona Singh,Sharman Joshi,Kareena Kapoor,Boman Irani,Omi Vaidya,Olivier Lafont,Rahul Kumar,Parikshit Sahni,Farida Dadi,Amardeep Jha,Mukund Bhatt,Chaitali Bose,Jaaved Jaaferi,Jayant Kripalani,Arun Bali,Shoaib Ahmed",Rajkumar Hirani,"Rajkumar Hirani,Abhijat Joshi,Vidhu Vinod Chopra",Rajkumar Hirani,Aamir Khan
88,Star Wars: Episode VI - Return of the Jedi,1983,1028373,8.3,U,131,"Action,Adventure,Fantasy","Mark Hamill,Harrison Ford,Carrie Fisher,Billy Dee Williams,Anthony Daniels,Peter Mayhew,Sebastian Shaw,Ian McDiarmid,Frank Oz,James Earl Jones,David Prowse,Alec Guinness,Kenny Baker,Michael Pennington,Kenneth Colley,Michael Carter,Denis Lawson,Tim Rose",Richard Marquand,"Lawrence Kasdan,George Lucas",Richard Marquand,Mark Hamill
89,2001: A Space Odyssey,1968,654705,8.3,U,149,"Adventure,Sci-Fi","Keir Dullea,Gary Lockwood,William Sylvester,Daniel Richter,Leonard Rossiter,Margaret Tyzack,Robert Beatty,Sean Sullivan,Douglas Rain,Frank Miller,Bill Weston,Ed Bishop,Glenn Beck,Alan Gifford,Ann Gillis,Edwina Carroll,Penny Brahms,Heather Downham",Stanley Kubrick,"Stanley Kubrick,Arthur C. Clarke",Stanley Kubrick,Keir Dullea
90,Eternal Sunshine of the Spotless Mind,2004,985456,8.3,UA,108,"Drama,Romance,Sci-Fi","Jim Carrey,Kate Winslet,Tom Wilkinson,Gerry Robert Byrne,Elijah Wood,Thomas Jay Ryan,Mark Ruffalo,Jane Adams,David Cross,Kirsten Dunst,Ryan Whitney,Debbon Ayer,Amir Ali Said,Brian Price,Paulie Litt,Josh Flitter,Lola Daehler,Deirdre O'Connell",Michel Gondry,"Charlie Kaufman,Michel Gondry,Pierre Bismuth",Michel Gondry,Jim Carrey
91,Reservoir Dogs,1992,994901,8.3,15+,99,"Crime,Drama,Thriller","Harvey Keitel,Tim Roth,Michael Madsen,Chris Penn,Steve Buscemi,Lawrence Tierney,Randy Brooks,Kirk Baltz,Edward Bunker,Quentin Tarantino,Rich Turner,David Steen,Tony Cosmo,Stevo Polyi,Michael Sottile,Robert Ruth,Lawrence Bender,Linda Kaye",Quentin Tarantino,"Quentin Tarantino,Roger Avary",Quentin Tarantino,Harvey Keitel
92,Tengoku to jigoku,1963,43333,8.4,Not Rated,143,"Crime,Drama,Mystery","Toshirô Mifune,Yutaka Sada,Tatsuya Nakadai,Kyôko Kagawa,Tatsuya Mihashi,Isao Kimura,Kenjirô Ishiyama,Takeshi Katô,Takashi Shimura,Jun Tazaki,Nobuo Nakamura,Yûnosuke Itô,Tsutomu Yamazaki,Minoru Chiaki,Eijirô Tôno,Masao Shimizu,Masahiko Shimazu,Toshio Egi",Akira Kurosawa,"Hideo Oguni,Ryûzô Kikushima,Eijirô Hisaita",Akira Kurosawa,Toshirô Mifune
93,Capharnaüm,2018,85662,8.4,A,126,Drama,"Zain Al Rafeea,Yordanos Shiferaw,Boluwatife Treasure Bankole,Kawsar Al Haddad,Fadi Yousef,Cedra Izzam,Alaa Chouchnieh,Elias Khoury,Mohammad Al Abdallah,Mohamad Abdellatif,Abdo Abdo,Hampig Abraham,Jamil Ahmad,Mohamad Akkar,Elias Akobegia,Riman Al Rafeea,Legamett Alamou,Majd Nabil Alhalabi",Nadine Labaki,"Nadine Labaki,Jihad Hojeily,Michelle Keserwany",Nadine Labaki,Zain Al Rafeea
94,Citizen Kane,1941,435945,8.3,UA,119,"Drama,Mystery","Orson Welles,Joseph Cotten,Dorothy Comingore,Agnes Moorehead,Ruth Warrick,Ray Collins,Erskine Sanford,Everett Sloane,William Alland,Paul Stewart,George Coulouris,Fortunio Bonanova,Gus Schilling,Philip Van Zandt,Georgia Backus,Harry Shannon,Sonny Bupp,Buddy Swan",Orson Welles,"Herman J. Mankiewicz,Orson Welles,John Houseman",Orson Welles,Orson Welles
95,Lawrence of Arabia,1962,289310,8.3,U,218,"Adventure,Biography,Drama","Peter O'Toole,Alec Guinness,Anthony Quinn,Jack Hawkins,Omar Sharif,José Ferrer,Anthony Quayle,Claude Rains,Arthur Kennedy,Donald Wolfit,I.S. Johar,Gamil Ratib,Michel Ray,John Dimech,Zia Mohyeddin,Howard Marion-Crawford,Jack Gwillim,Hugh Miller",David Lean,"Robert Bolt,Michael Wilson",David Lean,Peter O'Toole
96,Jagten,2012,321619,8.3,7,115,Drama,"Mads Mikkelsen,Thomas Bo Larsen,Annika Wedderkopp,Lasse Fogelstrøm,Susse Wold,Anne Louise Hassing,Lars Ranthe,Alexandra Rapaport,Sebastian Bull Sarning,Steen Ordell Guldbrand Jensen,Daniel Engstrup,Troels Thorsen,Søren Rønholt,Hana Shuan,Jytte Kvinesdal,Josefine Gråbøl,Bjarne Henriksen,Nicolai Dahl Hamilton",Thomas Vinterberg,"Tobias Lindholm,Thomas Vinterberg",Thomas Vinterberg,Mads Mikkelsen
97,North by Northwest,1959,322903,8.3,U,136,"Action,Adventure,Mystery","Cary Grant,Eva Marie Saint,James Mason,Jessie Royce Landis,Leo G. Carroll,Josephine Hutchinson,Philip Ober,Martin Landau,Adam Williams,Edward Platt,Robert Ellenstein,Les Tremayne,Philip Coolidge,Patrick McVey,Edward Binns,Ken Lynch,Stanley Adams,John Alban",Alfred Hitchcock,Ernest Lehman,Alfred Hitchcock,Cary Grant
98,M - Eine Stadt sucht einen Mörder,1931,155893,8.3,Passed,117,"Crime,Mystery,Thriller","Peter Lorre,Ellen Widmann,Inge Landgut,Otto Wernicke,Theodor Loos,Gustaf Gründgens,Friedrich Gnaß,Fritz Odemar,Paul Kemp,Theo Lingen,Rudolf Blümner,Georg John,Franz Stein,Ernst Stahl-Nachbaur,Gerhard Bienert,Karl Platen,Rosa Valetti,Hertha von Walther",Fritz Lang,"Thea von Harbou,Fritz Lang,Egon Jacobsohn",Fritz Lang,Peter Lorre
99,Vertigo,1958,395959,8.3,A,128,"Mystery,Romance,Thriller","James Stewart,Kim Novak,Barbara Bel Geddes,Tom Helmore,Henry Jones,Raymond Bailey,Ellen Corby,Konstantin Shayne,Lee Patrick,David Ahdar,Isabel Analla,Jack Ano,Margaret Bacon,John Benson,Danny Borzage,Margaret Brayton,Paul Bryar,Boyd Cabeen",Alfred Hitchcock,"Alec Coppel,Samuel A. Taylor,Pierre Boileau",Alfred Hitchcock,James Stewart
100,Le fabuleux destin d'Amélie Poulain,2001,745822,8.3,U,122,"Comedy,Romance","Audrey Tautou,Mathieu Kassovitz,Rufus,Lorella Cravotta,Serge Merlin,Jamel Debbouze,Clotilde Mollet,Claire Maurier,Isabelle Nanty,Dominique Pinon,Artus de Penguern,Yolande Moreau,Urbain Cancelier,Maurice Bénichou,Michel Robin,Andrée Damant,Claude Perron,Armelle",Jean-Pierre Jeunet,"Guillaume Laurant,Jean-Pierre Jeunet",Jean-Pierre Jeunet,Audrey Tautou
101,A Clockwork Orange,1971,813414,8.3,A,136,"Crime,Sci-Fi","Malcolm McDowell,Patrick Magee,Michael Bates,Warren Clarke,John Clive,Adrienne Corri,Carl Duering,Paul Farrell,Clive Francis,Michael Gover,Miriam Karlin,James Marcus,Aubrey Morris,Godfrey Quigley,Sheila Raynor,Madge Ryan,John Savident,Anthony Sharp",Stanley Kubrick,"Stanley Kubrick,Anthony Burgess",Stanley Kubrick,Malcolm McDowell
102,Idi i smotri,1985,75931,8.4,A,142,"Drama,Thriller,War","Aleksey Kravchenko,Olga Mironova,Liubomiras Laucevicius,Vladas Bagdonas,Jüri Lumiste,Viktors Lorencs,Kazimir Rabetsky,Evgeniy Tilicheev,G. Velts,V. Vasilyev,Aleksandr Berda,Vasiliy Domrachyov,Nina Evdokimova,Igor Gnevashev,Adolf Hitler,Valery Kravchenko,Evgeniy Kryzhanovskiy,N. Lisichenok",Elem Klimov,"Ales Adamovich,Elem Klimov",Elem Klimov,Aleksey Kravchenko
103,Full Metal Jacket,1987,727636,8.3,UA,116,"Drama,War","Matthew Modine,R. Lee Ermey,Vincent D'Onofrio,Adam Baldwin,Dorian Harewood,Kevyn Major Howard,Arliss Howard,Ed O'Ross,John Terry,Kieron Jecchinis,Kirk Taylor,Tim Colceri,Jon Stafford,Bruce Boa,Ian Tyler,Sal Lopez,Gary Landon Mills,Papillon Soo",Stanley Kubrick,"Stanley Kubrick,Michael Herr,Gustav Hasford",Stanley Kubrick,Matthew Modine
104,Double Indemnity,1944,155048,8.3,Passed,107,"Crime,Drama,Film-Noir","Fred MacMurray,Barbara Stanwyck,Edward G. Robinson,Byron Barr,Porter Hall,Jean Heather,Tom Powers,Richard Gaines,Fortunio Bonanova,John Philliber,Lev Abramov,James Adamson,John Berry,Raymond Chandler,Edmund Cobb,Kernan Cripps,Betty Farrington,Bess Flowers",Billy Wilder,"Billy Wilder,Raymond Chandler,James M. Cain",Billy Wilder,Fred MacMurray
105,The Apartment,1960,179017,8.3,U,125,"Comedy,Drama,Romance","Jack Lemmon,Shirley MacLaine,Fred MacMurray,Ray Walston,Jack Kruschen,David Lewis,Hope Holiday,Joan Shawlee,Naomi Stevens,Johnny Seven,Joyce Jameson,Willard Waterman,David White,Edie Adams,Dorothy Abbott,Bill Baldwin,Paul Bradley,Benny Burt",Billy Wilder,"Billy Wilder,I.A.L. Diamond",Billy Wilder,Jack Lemmon
106,Scarface,1983,815746,8.3,A,170,"Crime,Drama","Al Pacino,Michelle Pfeiffer,Steven Bauer,Mary Elizabeth Mastrantonio,Robert Loggia,Miriam Colon,F. Murray Abraham,Paul Shenar,Harris Yulin,Ángel Salazar,Arnaldo Santana,Pepe Serna,Michael P. Moran,Al Israel,Dennis Holahan,Mark Margolis,Michael Alldredge,Ted Beniades",Brian De Palma,"Oliver Stone,Howard Hawks,Ben Hecht",Brian De Palma,Al Pacino
107,Ikiru,1952,77187,8.3,U,143,Drama,"Takashi Shimura,Nobuo Kaneko,Shin'ichi Himori,Haruo Tanaka,Minoru Chiaki,Miki Odagiri,Bokuzen Hidari,Minosuke Yamada,Kamatari Fujiwara,Makoto Kobori,Nobuo Nakamura,Atsushi Watanabe,Isao Kimura,Masao Shimizu,Yûnosuke Itô,Kumeko Urabe,Eiko Miyoshi,Noriko Honma",Akira Kurosawa,"Akira Kurosawa,Shinobu Hashimoto,Hideo Oguni",Akira Kurosawa,Takashi Shimura
108,The Sting,1973,258487,8.3,U,129,"Comedy,Crime,Drama","Paul Newman,Robert Redford,Robert Shaw,Charles Durning,Ray Walston,Eileen Brennan,Harold Gould,John Heffernan,Dana Elcar,Jack Kehoe,Dimitra Arliss,Robert Earl Jones,James Sloyan,Charles Dierkop,Lee Paul,Sally Kirkland,Avon Long,Arch Johnson",George Roy Hill,David S. Ward,George Roy Hill,Paul Newman
109,To Kill a Mockingbird,1962,312826,8.3,U,129,"Crime,Drama","Gregory Peck,John Megna,Frank Overton,Rosemary Murphy,Ruth White,Brock Peters,Estelle Evans,Paul Fix,Collin Wilcox Paxton,James Anderson,Alice Ghostley,Robert Duvall,William Windom,Crahan Denton,Richard Hale,Mary Badham,Phillip Alford,R.L. Armstrong",Robert Mulligan,"Harper Lee,Horton Foote",Robert Mulligan,Gregory Peck
110,Taxi Driver,1976,803034,8.2,A,114,"Crime,Drama","Robert De Niro,Jodie Foster,Cybill Shepherd,Albert Brooks,Diahnne Abbott,Frank Adu,Victor Argo,Gino Ardito,Garth Avery,Peter Boyle,Harry Cohn,Copper Cunningham,Brenda Dickson,Harry Fischler,Nat Grant,Leonard Harris,Richard Higgs,Beau Kayser",Martin Scorsese,Paul Schrader,Martin Scorsese,Robert De Niro
111,L.A. Confidential,1997,573992,8.2,A,138,"Crime,Drama,Mystery","Kevin Spacey,Russell Crowe,Guy Pearce,Kim Basinger,James Cromwell,Danny DeVito,David Strathairn,Ron Rifkin,Matt McCoy,Paul Guilfoyle,Paolo Seganti,Elisabeth Granli,Sandra Taylor,Steve Rankin,Graham Beckel,Allan Graf,Precious Chong,Symba",Curtis Hanson,"James Ellroy,Brian Helgeland,Curtis Hanson",Curtis Hanson,Kevin Spacey
112,Up,2009,1019304,8.3,U,96,"Animation,Adventure,Comedy","Edward Asner,Jordan Nagai,John Ratzenberger,Christopher Plummer,Bob Peterson,Delroy Lindo,Jerome Ranft,David Kaye,Elie Docter,Jeremy Leary,Mickie McGowan,Danny Mann,Donald Fullilove,Jess Harnell,Josh Cooley,Pete Docter,Mark Andrews,Bob Bergen","Pete Docter,Bob Peterson","Pete Docter,Bob Peterson,Tom McCarthy",Pete Docter,Edward Asner
113,Heat,1995,637638,8.3,A,170,"Action,Crime,Drama","Al Pacino,Robert De Niro,Val Kilmer,Jon Voight,Tom Sizemore,Diane Venora,Amy Brenneman,Ashley Judd,Mykelti Williamson,Wes Studi,Ted Levine,Dennis Haysbert,William Fichtner,Natalie Portman,Tom Noonan,Kevin Gage,Hank Azaria,Susan Traylor",Michael Mann,Michael Mann,Michael Mann,Al Pacino
114,Hamilton,2020,88720,8.4,12+,160,"Biography,Drama,History","Lin-Manuel Miranda,Phillipa Soo,Leslie Odom Jr.,Renée Elise Goldsberry,Daveed Diggs,Jonathan Groff,Chris Jackson,Jasmine Cephas Jones,Okieriete Onaodowan,Anthony Ramos,Carleigh Bettiol,Ariana DeBose,Hope Easterbrook,Sydney James Harcourt,Sasha Hutchings,Thayne Jasperson,Elizabeth Judd,Jon Rua",Thomas Kail,"Lin-Manuel Miranda,Ron Chernow",Thomas Kail,Lin-Manuel Miranda
115,Metropolis,1927,172188,8.3,Not Rated,153,"Drama,Sci-Fi","Brigitte Helm,Alfred Abel,Gustav Fröhlich,Rudolf Klein-Rogge,Fritz Rasp,Theodor Loos,Erwin Biswanger,Heinrich George,Fritz Alberti,Grete Berger,Olly Boeheim,Max Dietze,Ellen Frey,Beatrice Garga,Heinrich Gotho,Dolly Grey,Anny Hintze,Gottfried Huppertz",Fritz Lang,"Thea von Harbou,Fritz Lang",Fritz Lang,Brigitte Helm
116,Jodaeiye Nader az Simin,2011,242229,8.3,7,123,Drama,"Payman Maadi,Leila Hatami,Sareh Bayat,Shahab Hosseini,Sarina Farhadi,Merila Zare'i,Ali-Asghar Shahbazi,Babak Karimi,Kimia Hosseini,Shirin Yazdanbakhsh,Sohibanoo Zolqadr,Mohammadhasan Asghari,Shirin Azimiyannezhad,Hamid Dadju,Mohammad Ebrahimian,Samad Farhang,Ali Fattahi,Nafise Ghodrati",Asghar Farhadi,Asghar Farhadi,Asghar Farhadi,Payman Maadi
117,Snatch,2000,839784,8.3,UA,104,"Comedy,Crime","Jason Statham,Brad Pitt,Stephen Graham,Vinnie Jones,Ade,William Beck,Andy Beckwith,Ewen Bremner,Jason Buckham,Mickey Cantwell,Nicola Collins,Teena Collins,Charles Cork,James Cunningham,Sorcha Cusack,Mickey Dee,Benicio Del Toro,Sam Douglas",Guy Ritchie,Guy Ritchie,Guy Ritchie,Jason Statham
118,Die Hard,1988,860507,8.2,A,132,"Action,Thriller","Bruce Willis,Alan Rickman,Bonnie Bedelia,Reginald VelJohnson,Paul Gleason,De'voreaux White,William Atherton,Hart Bochner,James Shigeta,Alexander Godunov,Bruno Doyon,Andreas Wisniewski,Clarence Gilyard Jr.,Joey Plewa,Lorenzo Caccialanza,Gérard Bonn,Dennis Hayden,Al Leong",John McTiernan,"Roderick Thorp,Jeb Stuart,Steven E. de Souza",John McTiernan,Bruce Willis
119,Incendies,2010,173271,8.3,18,131,"Drama,Mystery","Lubna Azabal,Mélissa Désormeaux-Poulin,Maxim Gaudette,Mustafa Kamel,Hussein Sami,Rémy Girard,Dominique Briand,Frédéric Paquet,Hamed Najem,Ahmad Massad,Bader Alami,Majida Hussein,Asriah Nijres,John Dunn-Hill,Nadia Essadiqi,Chaouki Charbel,Axel Garbi,Amine Benzenine",Denis Villeneuve,"Denis Villeneuve,Wajdi Mouawad,Valérie Beaugrand-Champagne",Denis Villeneuve,Lubna Azabal
120,Indiana Jones and the Last Crusade,1989,741234,8.2,U,127,"Action,Adventure","Harrison Ford,Sean Connery,Alison Doody,Denholm Elliott,John Rhys-Davies,Julian Glover,River Phoenix,Michael Byrne,Kevork Malikyan,Robert Eddison,Richard Young,Alexei Sayle,Alex Hyde-White,Paul Maxwell,Isla Blair,Vernon Dobtcheff,J.J. Hardy,Bradley Gregg",Steven Spielberg,"Jeffrey Boam,George Lucas,Menno Meyjes",Steven Spielberg,Harrison Ford
121,Ladri di biciclette,1948,161454,8.3,U,89,Drama,"Lamberto Maggiorani,Enzo Staiola,Lianella Carell,Elena Altieri,Gino Saltamerenda,Giulio Chiari,Vittorio Antonucci,Michele Sakara,Fausto Guerzoni,Emma Druetti,Carlo Jachino,Giulio Battiferri,Ida Bracci Dorati,Nando Bruno,Eolo Capritti,Memmo Carotenuto,Giovanni Corporale,Veriano Ginesi",Vittorio De Sica,"Cesare Zavattini,Luigi Bartolini,Oreste Biancoli",Vittorio De Sica,Lamberto Maggiorani
122,1917,2019,556620,8.2,R,119,"Action,Drama,War","Dean-Charles Chapman,George MacKay,Daniel Mays,Colin Firth,Pip Carter,Andy Apollo,Paul Tinto,Josef Davies,Billy Postlethwaite,Gabriel Akuwudike,Andrew Scott,Spike Leighton,Robert Maaser,Gerran Howell,Adam Hugill,Mark Strong,Richard McCabe,Benjamin Adams",Sam Mendes,"Sam Mendes,Krysty Wilson-Cairns",Sam Mendes,Dean-Charles Chapman
123,Spider-Man: No Way Home,2021,659666,8.3,UA,148,"Action,Adventure,Fantasy","Tom Holland,Zendaya,Benedict Cumberbatch,Jacob Batalon,Jon Favreau,Jamie Foxx,Willem Dafoe,Alfred Molina,Benedict Wong,Tony Revolori,Marisa Tomei,Andrew Garfield,Tobey Maguire,Angourie Rice,Arian Moayed,Paula Newsome,Hannibal Buress,Martin Starr",Jon Watts,"Chris McKenna,Erik Sommers,Stan Lee",Jon Watts,Tom Holland
124,Taare Zameen Par,2007,189540,8.3,U,165,"Drama,Family","Darsheel Safary,Aamir Khan,Tisca Chopra,Vipin Sharma,Sachet Engineer,Tanay Chheda,Lalitha Lajmi,Girija Oak,Ravi Khanvilkar,Pratima Kulkarni,Meghna Malik,Sonali Sachdev,Sanjay Dadhich,Rajgopal Iyer,Bugs Bhargava Krishna,Shankar Sachdev,M.K. Raina,Gurkirtan","Aamir Khan,Amole Gupte",Amole Gupte,Aamir Khan,Darsheel Safary
125,Der Untergang,2004,351425,8.2,R,156,"Biography,Drama,History","Bruno Ganz,Alexandra Maria Lara,Ulrich Matthes,Juliane Köhler,Corinna Harfouch,Heino Ferch,Christian Berkel,Matthias Habich,Thomas Kretschmann,Michael Mendl,André Hennicke,Ulrich Noethen,Birgit Minichmayr,Rolf Kanies,Justus von Dohnányi,Dieter Mann,Christian Redl,Götz Otto",Oliver Hirschbiegel,"Bernd Eichinger,Joachim Fest,Traudl Junge",Oliver Hirschbiegel,Bruno Ganz
126,Per qualche dollaro in più,1965,252615,8.2,U,132,Western,"Clint Eastwood,Lee Van Cleef,Gian Maria Volontè,Mara Krupp,Luigi Pistilli,Klaus Kinski,Luis Rodríguez,Benito Stefanelli,Panos Papadopulos,Aldo Sambrell,Roberto Camardiel,Joseph Egger,Tomás Blanco,Lorenzo Robledo,Dante Maggio,Sergio Mendizábal,Diana Rabito,Giovanni Tarallo",Sergio Leone,"Sergio Leone,Fulvio Morsella,Luciano Vincenzoni",Sergio Leone,Clint Eastwood
127,Batman Begins,2005,1434049,8.2,UA,140,"Action,Crime,Drama","Christian Bale,Michael Caine,Ken Watanabe,Liam Neeson,Katie Holmes,Gary Oldman,Cillian Murphy,Tom Wilkinson,Rutger Hauer,Mark Boone Junior,Linus Roache,Morgan Freeman,Larry Holden,Gerard Murphy,Colin McFarlane,Sara Stewart,Gus Lewis,Richard Brake",Christopher Nolan,"Bob Kane,David S. Goyer,Christopher Nolan",Christopher Nolan,Christian Bale
128,Dangal,2016,184456,8.3,U,161,"Action,Biography,Drama","Aamir Khan,Sakshi Tanwar,Fatima Sana Shaikh,Sanya Malhotra,Aparshakti Khurana,Zaira Wasim,Suhani Bhatnagar,Ritvik Sahore,Girish Kulkarni,Ravi Aneja,Anurag Arora,Mahesh Balraj,Vivan Bhatena,Anmol Charan,Karamveer Choudhary,Ishika Gagneja,Badrul Islam,Jagbir",Nitesh Tiwari,"Piyush Gupta,Shreyas Jain,Nikhil Mehrotra",Nitesh Tiwari,Aamir Khan
129,The Kid,1921,125041,8.3,Passed,68,"Comedy,Drama,Family","Charles Chaplin,Edna Purviance,Jackie Coogan,Carl Miller,Albert Austin,Beulah Bains,Nellie Bly Baker,Henry Bergman,Edward Biby,B.F. Blinn,Kitty Bradbury,Frank Campeau,Bliss Chevalier,Frances Cochran,Elsie Codd,Jack Coogan Sr.,Estelle Cook,Lillian Crane",Charles Chaplin,Charles Chaplin,Charles Chaplin,Charles Chaplin
130,Some Like It Hot,1959,263291,8.2,U,121,"Comedy,Music,Romance","Marilyn Monroe,Tony Curtis,Jack Lemmon,George Raft,Pat O'Brien,Joe E. Brown,Nehemiah Persoff,Joan Shawlee,Billy Gray,George E. Stone,Dave Barry,Mike Mazurki,Harry Wilson,Beverly Wills,Barbara Drew,Edward G. Robinson Jr.,Sam Bagley,Brandon Beach",Billy Wilder,"Billy Wilder,I.A.L. Diamond,Robert Thoeren",Billy Wilder,Marilyn Monroe
131,The Father,2020,138665,8.2,UA,97,"Drama,Mystery","Anthony Hopkins,Olivia Colman,Mark Gatiss,Olivia Williams,Imogen Poots,Rufus Sewell,Ayesha Dharker,Roman Zeller,Adnan Kundi,Brian Rodger,Romulus Stoicescu,Evie Wray",Florian Zeller,"Christopher Hampton,Florian Zeller",Florian Zeller,Anthony Hopkins
132,All About Eve,1950,130081,8.2,Passed,138,Drama,"Bette Davis,Anne Baxter,George Sanders,Celeste Holm,Gary Merrill,Hugh Marlowe,Gregory Ratoff,Barbara Bates,Marilyn Monroe,Thelma Ritter,Walter Hampden,Randy Stuart,Craig Hill,Leland Harris,Barbara White,Eddie Fisher,William Pullen,Claude Stroud",Joseph L. Mankiewicz,"Joseph L. Mankiewicz,Mary Orr",Joseph L. Mankiewicz,Bette Davis
133,Green Book,2018,468439,8.2,UA,130,"Biography,Comedy,Drama","Viggo Mortensen,Mahershala Ali,Linda Cardellini,Sebastian Maniscalco,Dimiter D. Marinov,Mike Hatton,P.J. Byrne,Joe Cortese,Maggie Nixon,Von Lewis,Jon Sortland,Don Stark,Anthony Mangano,Paul Sloan,Quinn Duffy,Seth Hurwitz,Hudson Galloway,Gavin Lyle Foley",Peter Farrelly,"Nick Vallelonga,Brian Hayes Currie,Peter Farrelly",Peter Farrelly,Viggo Mortensen
134,The Wolf of Wall Street,2013,1350923,8.2,A,180,"Biography,Comedy,Crime","Leonardo DiCaprio,Jonah Hill,Margot Robbie,Matthew McConaughey,Kyle Chandler,Rob Reiner,Jon Bernthal,Jon Favreau,Jean Dujardin,Joanna Lumley,Cristin Milioti,Christine Ebersole,Shea Whigham,Katarina Cas,P.J. Byrne,Kenneth Choi,Brian Sacca,Henry Zebrowski",Martin Scorsese,"Terence Winter,Jordan Belfort",Martin Scorsese,Leonardo DiCaprio
135,Everything Everywhere All at Once,2022,121919,8.3,R,139,"Action,Adventure,Comedy","Michelle Yeoh,Stephanie Hsu,Ke Huy Quan,James Hong,Jamie Lee Curtis,Tallie Medel,Jenny Slate,Harry Shum Jr.,Biff Wiff,Sunita Mani,Aaron Lazar,Brian Le,Andy Le,Narayana Cabral,Chelsey Goldsmith,Craig Henningsen,Anthony Molinari,Dan Brown","Dan Kwan,Daniel Scheinert","Dan Kwan,Daniel Scheinert",Dan Kwan,Michelle Yeoh
136,Judgment at Nuremberg,1961,76751,8.3,A,179,"Drama,War","Spencer Tracy,Burt Lancaster,Richard Widmark,Marlene Dietrich,Maximilian Schell,Judy Garland,Montgomery Clift,William Shatner,Werner Klemperer,Kenneth MacKenna,Torben Meyer,Joseph Bernard,Alan Baxter,Edward Binns,Virginia Christine,Otto Waldis,Karl Swenson,Martin Brandt",Stanley Kramer,"Abby Mann,Montgomery Clift",Stanley Kramer,Spencer Tracy
137,Unforgiven,1992,405678,8.2,A,130,"Drama,Western","Clint Eastwood,Gene Hackman,Morgan Freeman,Richard Harris,Jaimz Woolvett,Saul Rubinek,Frances Fisher,Anna Thomson,David Mucci,Rob Campbell,Anthony James,Tara Frederick,Beverley Elliott,Liisa Repo-Martell,Josie Smith,Shane Meier,Aline Levasseur,Cherrilene Cardinal",Clint Eastwood,David Webb Peoples,Clint Eastwood,Clint Eastwood
138,Casino,1995,508698,8.2,A,178,"Crime,Drama","Robert De Niro,Sharon Stone,Joe Pesci,James Woods,Don Rickles,Alan King,Kevin Pollak,L.Q. Jones,Dick Smothers,Frank Vincent,John Bloom,Pasquale Cajano,Melissa Prophet,Bill Allison,Vinny Vella,Philip Suriano,Erika von Tagen,Frankie Avalon",Martin Scorsese,"Nicholas Pileggi,Martin Scorsese",Martin Scorsese,Robert De Niro
139,Ran,1985,123916,8.2,U,162,"Action,Drama,War","Tatsuya Nakadai,Akira Terao,Jinpachi Nezu,Daisuke Ryû,Mieko Harada,Yoshiko Miyazaki,Hisashi Igawa,Pîtâ,Masayuki Yui,Kazuo Katô,Norio Matsui,Toshiya Ito,Kenji Kodama,Takashi Watanabe,Mansai Nomura,Takeshi Katô,Jun Tazaki,Hitoshi Ueki",Akira Kurosawa,"Akira Kurosawa,Hideo Oguni,Masato Ide",Akira Kurosawa,Tatsuya Nakadai
140,Pan's Labyrinth,2006,658709,8.2,UA,118,"Drama,Fantasy,War","Ivana Baquero,Ariadna Gil,Sergi López,Maribel Verdú,Doug Jones,Álex Angulo,Manolo Solo,César Vea,Roger Casamajor,Ivan Massagué,Gonzalo Uriarte,Eusebio Lázaro,Francisco Vidal,Juanjo Cucalón,Lina Mira,Mario Zorrilla,Sebastián Haro,Mila Espiga",Guillermo del Toro,Guillermo del Toro,Guillermo del Toro,Ivana Baquero
141,There Will Be Blood,2007,573211,8.2,A,158,Drama,"Daniel Day-Lewis,Paul Dano,Ciarán Hinds,Martin Stringer,Matthew Braden Stringer,Jacob Stringer,Joseph Mussey,Barry Del Sherman,Harrison Taylor,Stockton Taylor,Paul F. Tompkins,Dillon Freasier,Kevin Breznahan,Jim Meskimen,Erica Sullivan,Randall Carver,Coco Leigh,Sydney McCallister",Paul Thomas Anderson,"Paul Thomas Anderson,Upton Sinclair",Paul Thomas Anderson,Daniel Day-Lewis
142,The Sixth Sense,1999,973064,8.2,A,107,"Drama,Mystery,Thriller","Bruce Willis,Haley Joel Osment,Toni Collette,Olivia Williams,Trevor Morgan,Donnie Wahlberg,Peter Anthony Tambakis,Jeffrey Zubernis,Bruce Norris,Glenn Fitzgerald,Greg Wood,Mischa Barton,Angelica Page,Lisa Summerour,Firdous Bamji,Samia Shoaib,Hayden Saunier,Janis Dardaris",M. Night Shyamalan,M. Night Shyamalan,M. Night Shyamalan,Bruce Willis
143,A Beautiful Mind,2001,914793,8.2,UA,135,"Biography,Drama","Russell Crowe,Ed Harris,Jennifer Connelly,Christopher Plummer,Paul Bettany,Adam Goldberg,Josh Lucas,Anthony Rapp,Jason Gray-Stanford,Judd Hirsch,Austin Pendleton,Vivien Cardone,Jillie Simon,Victor Steinbach,Tanya Clarke,Thomas F. Walsh,Jesse Doran,Kent Cassella",Ron Howard,"Akiva Goldsman,Sylvia Nasar",Ron Howard,Russell Crowe
144,Monty Python and the Holy Grail,1975,533602,8.2,U,91,"Adventure,Comedy,Fantasy","Graham Chapman,John Cleese,Eric Idle,Terry Gilliam,Terry Jones,Michael Palin,Connie Booth,Carol Cleveland,Neil Innes,Bee Duffell,John Young,Rita Davies,Avril Stewart,Sally Kinghorn,Mark Zycon,Elspeth Cameron,Mitsuko Forstater,Sandy Johnson","Terry Gilliam,Terry Jones","Graham Chapman,John Cleese,Eric Idle",Terry Gilliam,Graham Chapman
145,The Truman Show,1998,1044296,8.2,U,103,"Comedy,Drama","Jim Carrey,Ed Harris,Laura Linney,Noah Emmerich,Natascha McElhone,Holland Taylor,Brian Delate,Blair Slater,Peter Krause,Heidi Schanz,Ron Taylor,Don Taylor,Ted Raymond,Judy Clayton,Fritz Dominique,Angel Schmiedt,Nastassja Schmiedt,Muriel Moore",Peter Weir,Andrew Niccol,Peter Weir,Jim Carrey
146,Yôjinbô,1961,121422,8.2,U,110,"Action,Drama,Thriller","Toshirô Mifune,Eijirô Tôno,Tatsuya Nakadai,Yôko Tsukasa,Isuzu Yamada,Daisuke Katô,Seizaburô Kawazu,Takashi Shimura,Hiroshi Tachikawa,Yôsuke Natsuki,Kamatari Fujiwara,Ikio Sawamura,Atsushi Watanabe,Susumu Fujita,Kyû Sazanka,Kô Nishimura,Takeshi Katô,Ichirô Nakatani",Akira Kurosawa,"Akira Kurosawa,Ryûzô Kikushima",Akira Kurosawa,Toshirô Mifune
147,The Treasure of the Sierra Madre,1948,123653,8.2,Passed,126,"Adventure,Drama,Western","Humphrey Bogart,Walter Huston,Tim Holt,Bruce Bennett,Barton MacLane,Alfonso Bedoya,Arturo Soto Rangel,Manuel Dondé,José Torvay,Margarito Luna,Robert Blake,Guillermo Calles,Roberto Cañedo,Spencer Chan,Jacqueline Dalya,Ralph Dunn,Ernesto Escoto,Pat Flaherty",John Huston,"John Huston,B. Traven",John Huston,Humphrey Bogart
148,Rashômon,1950,166254,8.2,U,88,"Crime,Drama,Mystery","Toshirô Mifune,Machiko Kyô,Masayuki Mori,Takashi Shimura,Minoru Chiaki,Kichijirô Ueda,Noriko Honma,Daisuke Katô",Akira Kurosawa,"Ryûnosuke Akutagawa,Akira Kurosawa,Shinobu Hashimoto",Akira Kurosawa,Toshirô Mifune
149,Shutter Island,2010,1266092,8.2,A,138,"Mystery,Thriller","Leonardo DiCaprio,Emily Mortimer,Mark Ruffalo,Ben Kingsley,Max von Sydow,Michelle Williams,Patricia Clarkson,Jackie Earle Haley,Ted Levine,John Carroll Lynch,Elias Koteas,Robin Bartlett,Christopher Denham,Nellie Sciutto,Joseph Sikora,Curtiss Cook,Raymond Anthony Thomas,Joseph McKenna",Martin Scorsese,"Laeta Kalogridis,Dennis Lehane",Martin Scorsese,Leonardo DiCaprio
150,The Great Escape,1963,241665,8.2,U,172,"Adventure,Drama,History","Steve McQueen,James Garner,Richard Attenborough,Charles Bronson,James Donald,Donald Pleasence,James Coburn,Hannes Messemer,David McCallum,Gordon Jackson,John Leyton,Angus Lennie,Nigel Stock,Robert Graf,Jud Taylor,Hans Reiser,Harry Riebauer,William Russell",John Sturges,"Paul Brickhill,James Clavell,W.R. Burnett",John Sturges,Steve McQueen
151,Jurassic Park,1993,957768,8.2,UA,127,"Action,Adventure,Sci-Fi","Sam Neill,Laura Dern,Jeff Goldblum,Richard Attenborough,Bob Peck,Martin Ferrero,BD Wong,Joseph Mazzello,Ariana Richards,Samuel L. Jackson,Wayne Knight,Gerald R. Molen,Miguel Sandoval,Cameron Thor,Christopher John Fields,Whit Hertford,Dean Cundey,Jophery C. Brown",Steven Spielberg,"Michael Crichton,David Koepp",Steven Spielberg,Sam Neill
152,Kill Bill: Vol. 1,2003,1089241,8.2,A,111,"Action,Crime,Drama","Uma Thurman,David Carradine,Daryl Hannah,Michael Madsen,Lucy Liu,Vivica A. Fox,Julie Dreyfus,Chiaki Kuriyama,Shin'ichi Chiba,Chia-Hui Liu,Michael Parks,Michael Bowen,Jun Kunimura,Kenji Ohba,Yuki Kazamatsuri,James Parks,Sakichi Sato,Jonathan Loughran",Quentin Tarantino,"Quentin Tarantino,Uma Thurman",Quentin Tarantino,Uma Thurman
153,No Country for Old Men,2007,946716,8.2,18,122,"Crime,Drama,Thriller","Tommy Lee Jones,Javier Bardem,Josh Brolin,Woody Harrelson,Kelly Macdonald,Garret Dillahunt,Tess Harper,Barry Corbin,Stephen Root,Rodger Boyce,Beth Grant,Ana Reeder,Kit Gwin,Zach Hopkins,Chip Love,Eduardo Antonio Garcia,Gene Jones,Myk Watford","Ethan Coen,Joel Coen","Joel Coen,Ethan Coen,Cormac McCarthy",Ethan Coen,Tommy Lee Jones
154,Finding Nemo,2003,1022115,8.2,U,100,"Animation,Adventure,Comedy","Albert Brooks,Ellen DeGeneres,Alexander Gould,Willem Dafoe,Brad Garrett,Allison Janney,Austin Pendleton,Stephen Root,Vicki Lewis,Joe Ranft,Geoffrey Rush,Andrew Stanton,Elizabeth Perkins,Nicholas Bird,Bob Peterson,Barry Humphries,Eric Bana,Bruce Spence","Andrew Stanton,Lee Unkrich","Andrew Stanton,Bob Peterson,David Reynolds",Andrew Stanton,Albert Brooks
155,The Elephant Man,1980,237868,8.2,UA,124,"Biography,Drama","Anthony Hopkins,John Hurt,Anne Bancroft,John Gielgud,Wendy Hiller,Freddie Jones,Michael Elphick,Hannah Gordon,Helen Ryan,John Standing,Dexter Fletcher,Lesley Dunlop,Phoebe Nicholls,Pat Gorman,Claire Davenport,Orla Pederson,Patsy Smart,Frederick Treves",David Lynch,"Christopher De Vore,Eric Bergren,David Lynch",David Lynch,Anthony Hopkins
156,Raging Bull,1980,347722,8.2,A,129,"Biography,Drama,Sport","Robert De Niro,Cathy Moriarty,Joe Pesci,Frank Vincent,Nicholas Colasanto,Theresa Saldana,Mario Gallo,Frank Adonis,Joseph Bono,Frank Topham,Lori Anne Flax,Charles Scorsese,Don Dunphy,Bill Hanrahan,Rita Bennett,James V. Christy,Bernie Allen,Floyd Anderson",Martin Scorsese,"Jake LaMotta,Joseph Carter,Peter Savage",Martin Scorsese,Robert De Niro
157,Chinatown,1974,321237,8.2,UA,130,"Drama,Mystery,Thriller","Jack Nicholson,Faye Dunaway,John Huston,Perry Lopez,John Hillerman,Darrell Zwerling,Diane Ladd,Roy Jenson,Roman Polanski,Richard Bakalyan,Joe Mantell,Bruce Glover,Nandu Hinds,James O'Rear,James Hong,Beulah Quo,Jerry Fujikawa,Belinda Palmer",Roman Polanski,"Robert Towne,Roman Polanski",Roman Polanski,Jack Nicholson
158,Gone with the Wind,1939,311407,8.2,U,238,"Drama,Romance,War","Clark Gable,Vivien Leigh,Thomas Mitchell,Barbara O'Neil,Evelyn Keyes,Ann Rutherford,George Reeves,Fred Crane,Hattie McDaniel,Oscar Polk,Butterfly McQueen,Victor Jory,Everett Brown,Howard Hickman,Alicia Rhett,Leslie Howard,Olivia de Havilland,Rand Brooks","Victor Fleming,George Cukor,Sam Wood","Margaret Mitchell,Sidney Howard,Oliver H.P. Garrett",Victor Fleming,Clark Gable
159,V for Vendetta,2005,1102709,8.2,UA,132,"Action,Drama,Sci-Fi","Hugo Weaving,Natalie Portman,Rupert Graves,Stephen Rea,Stephen Fry,John Hurt,Tim Pigott-Smith,Roger Allam,Ben Miles,Sinéad Cusack,Natasha Wightman,John Standing,Eddie Marsan,Clive Ashborn,Emma Field-Rayner,Ian Burfield,Mark Phoenix,Alister Mazzotti",James McTeigue,"Lilly Wachowski,Lana Wachowski,David Lloyd",James McTeigue,Hugo Weaving
160,The Thing,1982,411913,8.2,A,109,"Horror,Mystery,Sci-Fi","Kurt Russell,Wilford Brimley,Keith David,Richard Masur,T.K. Carter,David Clennon,Richard Dysart,Charles Hallahan,Peter Maloney,Donald Moffat,Joel Polis,Thomas G. Waites,Norbert Weisser,Larry Franco,Nate Irwin,William Zeman,Adrienne Barbeau,John Carpenter",John Carpenter,"Bill Lancaster,John W. Campbell Jr.",John Carpenter,Kurt Russell
161,Inside Out,2015,692562,8.2,U,95,"Animation,Adventure,Comedy","Amy Poehler,Bill Hader,Lewis Black,Mindy Kaling,Phyllis Smith,Richard Kind,Kaitlyn Dias,Diane Lane,Kyle MacLachlan,Paula Poundstone,Bobby Moynihan,Paula Pell,Dave Goelz,Frank Oz,Josh Cooley,Flea,John Ratzenberger,Carlos Alazraqui","Pete Docter,Ronnie Del Carmen","Pete Docter,Ronnie Del Carmen,Meg LeFauve",Pete Docter,Amy Poehler
162,"Lock, Stock and Two Smoking Barrels",1998,573193,8.2,A,107,"Action,Comedy,Crime","Jason Flemyng,Dexter Fletcher,Nick Moran,Jason Statham,Steven Mackintosh,Nicholas Rowe,Nick Marcq,Charles Forbes,Vinnie Jones,Lenny McLean,Peter McNicholl,P.H. Moriarty,Frank Harper,Steve Sweeney,Huggy Leaver,Ronnie Fox,Tony McMahon,Stephen Marcus",Guy Ritchie,Guy Ritchie,Guy Ritchie,Jason Flemyng
163,Dial M for Murder,1954,173232,8.2,A,105,"Crime,Thriller","Ray Milland,Grace Kelly,Robert Cummings,John Williams,Anthony Dawson,Leo Britt,Patrick Allen,George Leigh,George Alderson,Robin Hughes,Richard Bender,Robin Sanders Clark,Jack Cunningham,Robert Dobson,Guy Doleman,Bess Flowers,Robert Garvin,Herschel Graham",Alfred Hitchcock,Frederick Knott,Alfred Hitchcock,Ray Milland
164,El secreto de sus ojos,2009,207221,8.2,R,129,"Drama,Mystery,Romance","Ricardo Darín,Soledad Villamil,Pablo Rago,Carla Quevedo,Javier Godino,Bárbara Palladino,Rudy Romano,Alejandro Abelenda,Mario Alarcón,Guillermo Francella,Sebastián Blanco,Mariano Argento,José Luis Gioia,Juan José Ortíz,Kiko Cerone,Fernando Pardo,Maximiliano Trento,Sergio López Santana",Juan José Campanella,"Eduardo Sacheri,Juan José Campanella",Juan José Campanella,Ricardo Darín
165,The Bridge on the River Kwai,1957,218116,8.2,U,161,"Adventure,Drama,War","William Holden,Alec Guinness,Jack Hawkins,Sessue Hayakawa,James Donald,Geoffrey Horne,André Morell,Peter Williams,John Boxer,Percy Herbert,Harold Goodwin,Ann Sears,Heihachirô Ôkawa,Keiichirô Katsumoto,M.R.B. Chakrabandhu,Vilaiwan Seeboonreaung,Ngamta Suphaphongs,Javanart Punynchoti",David Lean,"Pierre Boulle,Carl Foreman,Michael Wilson",David Lean,William Holden
166,Hauru no ugoku shiro,2004,382391,8.2,U,119,"Animation,Adventure,Family","Chieko Baishô,Takuya Kimura,Tatsuya Gashûin,Akihiro Miwa,Ryûnosuke Kamiki,Mitsunori Isaki,Yô Ôizumi,Akio Ôtsuka,Daijirô Harada,Haruko Katô,Jean Simmons,Christian Bale,Lauren Bacall,Blythe Danner,Emily Mortimer,Josh Hutcherson,Billy Crystal,Jena Malone",Hayao Miyazaki,"Hayao Miyazaki,Diana Wynne Jones",Hayao Miyazaki,Chieko Baishô
167,"Three Billboards Outside Ebbing, Missouri",2017,492963,8.1,A,115,"Comedy,Crime,Drama","Frances McDormand,Woody Harrelson,Sam Rockwell,Caleb Landry Jones,Kerry Condon,Alejandro Barrios,Jason Ledford,Darrell Britt-Gibson,Abbie Cornish,Riya May Atwood,Selah Atwood,Lucas Hedges,Zeljko Ivanek,Amanda Warren,Malaya Rivera Drew,Sandy Martin,Peter Dinklage,Christopher Berry",Martin McDonagh,Martin McDonagh,Martin McDonagh,Frances McDormand
168,Trainspotting,1996,676497,8.1,A,93,Drama,"Ewan McGregor,Ewen Bremner,Jonny Lee Miller,Kevin McKidd,Robert Carlyle,Kelly Macdonald,Peter Mullan,James Cosmo,Eileen Nicholas,Susan Vidler,Pauline Lynch,Shirley Henderson,Stuart McQuarrie,Irvine Welsh,Dale Winton,Keith Allen,Kevin Allen,Annie Louise Ross",Danny Boyle,"Irvine Welsh,John Hodge",Danny Boyle,Ewan McGregor
169,Gran Torino,2008,764499,8.1,UA,116,Drama,"Clint Eastwood,Bee Vang,Christopher Carley,Ahney Her,Brian Haley,Geraldine Hughes,Dreama Walker,Brian Howe,John Carroll Lynch,William Hill,Brooke Chia Thao,Chee Thao,Choua Kue,Scott Eastwood,Xia Soua Chang,Sonny Vue,Doua Moua,Greg Trzaskoma",Clint Eastwood,"Nick Schenk,Dave Johannson",Clint Eastwood,Clint Eastwood
170,Warrior,2011,465287,8.2,UA,140,"Action,Drama,Sport","Tom Hardy,Nick Nolte,Joel Edgerton,Jennifer Morrison,Frank Grillo,Kevin Dunn,Maximiliano Hernández,Bryan Callen,Sam Sheridan,Fernando Chien,Jake McLaughlin,Vanessa Martinez,Denzel Whitaker,Carlos Miranda,Nick Lehane,Laura Chinn,Capri Thomas,Lexi Cowan",Gavin O'Connor,"Gavin O'Connor,Anthony Tambakis,Cliff Dorfman",Gavin O'Connor,Tom Hardy
171,Fargo,1996,666689,8.1,A,98,"Crime,Thriller","William H. Macy,Frances McDormand,Steve Buscemi,Peter Stormare,Kristin Rudrüd,Harve Presnell,Tony Denman,Gary Houston,Sally Wingert,Kurt Schweickhardt,Larissa Kokernot,Melissa Peterman,Steve Reevis,Warren Keith,Steve Edelman,Sharon Anderson,Larry Brandenburg,James Gaulke","Joel Coen,Ethan Coen","Ethan Coen,Joel Coen",Joel Coen,William H. Macy
172,Tonari no Totoro,1988,329755,8.1,U,86,"Animation,Comedy,Family","Hitoshi Takagi,Noriko Hidaka,Chika Sakamoto,Shigesato Itoi,Sumi Shimamoto,Tanie Kitabayashi,Yûko Maruyama,Machiko Washio,Reiko Suzuki,Masashi Hirose,Toshiyuki Amagasa,Shigeru Chiba,Naoki Tatsuta,Tarako,Tomohiro Nishimura,Mitsuko Ishida,Chie Kôjiro,Daiki Nakamura",Hayao Miyazaki,Hayao Miyazaki,Hayao Miyazaki,Hitoshi Takagi
173,Prisoners,2013,685207,8.1,A,153,"Crime,Drama,Mystery","Hugh Jackman,Jake Gyllenhaal,Viola Davis,Melissa Leo,Maria Bello,Terrence Howard,Paul Dano,Dylan Minnette,Zoë Soul,Erin Gerasimovich,Kyla-Drew,Wayne Duvall,Len Cariou,David Dastmalchian,Brad James,Anthony Reynolds,Robert C. Treveiler,Sandra Ellis Lafferty",Denis Villeneuve,Aaron Guzikowski,Denis Villeneuve,Hugh Jackman
174,Million Dollar Baby,2004,677768,8.1,UA,132,"Drama,Sport","Hilary Swank,Clint Eastwood,Morgan Freeman,Jay Baruchel,Mike Colter,Lucia Rijker,Brían F. O'Byrne,Anthony Mackie,Margo Martindale,Riki Lindhome,Michael Peña,Benito Martinez,Bruce MacVittie,David Powledge,Joe D'Angerio,Marcus Chait,Tom McCleister,Erica Grant",Clint Eastwood,"Paul Haggis,F.X. Toole",Clint Eastwood,Hilary Swank
175,The Gold Rush,1925,110167,8.2,Passed,95,"Adventure,Comedy,Drama","Charles Chaplin,Mack Swain,Tom Murray,Henry Bergman,Malcolm Waite,Georgia Hale,Jack Adams,Frank Aderias,Leona Aderias,Lillian Adrian,Sam Allen,Claude Anderson,Harry Arras,Albert Austin,Marta Belfort,William Bell,Francis Bernhardt,F.J. Beuaregard",Charles Chaplin,Charles Chaplin,Charles Chaplin,Charles Chaplin
176,Blade Runner,1982,752805,8.1,UA,117,"Action,Drama,Sci-Fi","Harrison Ford,Rutger Hauer,Sean Young,Edward James Olmos,M. Emmet Walsh,Daryl Hannah,William Sanderson,Brion James,Joe Turkel,Joanna Cassidy,James Hong,Morgan Paull,Kevin Thompson,John Edward Allen,Hy Pyke,Kimiko Hiroshige,Bob Okazaki,Carolyn DeMirjian",Ridley Scott,"Hampton Fancher,David Webb Peoples,Philip K. Dick",Ridley Scott,Harrison Ford
177,Catch Me If You Can,2002,945582,8.1,A,141,"Biography,Crime,Drama","Leonardo DiCaprio,Tom Hanks,Christopher Walken,Martin Sheen,Nathalie Baye,Amy Adams,James Brolin,Brian Howe,Frank John Hughes,Steve Eastin,Chris Ellis,John Finn,Jennifer Garner,Nancy Lenehan,Ellen Pompeo,Elizabeth Banks,Guy Thauvette,Candice Azzara",Steven Spielberg,"Jeff Nathanson,Frank Abagnale Jr.,Stan Redding",Steven Spielberg,Leonardo DiCaprio
178,On the Waterfront,1954,153428,8.1,A,108,"Crime,Drama,Thriller","Marlon Brando,Karl Malden,Lee J. Cobb,Rod Steiger,Pat Henning,Leif Erickson,James Westerfield,Tony Galento,Tami Mauriello,John F. Hamilton,John Heldabrand,Rudy Bond,Don Blackman,Arthur Keegan,Abe Simon,Eva Marie Saint,Martin Balsam,Dan Bergin",Elia Kazan,"Budd Schulberg,Malcolm Johnson,Robert Siodmak",Elia Kazan,Marlon Brando
179,The Third Man,1949,170034,8.1,U,104,"Film-Noir,Mystery,Thriller","Orson Welles,Joseph Cotten,Alida Valli,Trevor Howard,Paul Hörbiger,Ernst Deutsch,Erich Ponto,Siegfried Breuer,Hedwig Bleibtreu,Bernard Lee,Wilfrid Hyde-White,Nelly Arno,Jack Arrow,Harold Ayer,Harry Belcher,Leo Bieber,Paul Birch,Martin Boddey",Carol Reed,"Graham Greene,Orson Welles,Alexander Korda",Carol Reed,Orson Welles
180,Bacheha-Ye aseman,1997,73885,8.2,PG,89,"Drama,Family,Sport","Mohammad Amir Naji,Amir Farrokh Hashemian,Bahare Seddiqi,Nafise Jafar-Mohammadi,Fereshte Sarabandi,Kamal Mirkarimi,Behzad Rafi,Dariush Mokhtari,Mohammad-Hasan Hosseinian,Masume Dair,Kambiz Peykarnegar,Hasan Roohparvari,Abbas-Ali Roomandi,Jafar Seyfollahi,Qolamreza Maleki,Zahra Mirzai,Sara Zamani,Mohammad Haj-Hosseini",Majid Majidi,Majid Majidi,Majid Majidi,Mohammad Amir Naji
181,Ben-Hur,1959,236572,8.1,U,212,"Adventure,Drama,History","Charlton Heston,Jack Hawkins,Stephen Boyd,Haya Harareet,Hugh Griffith,Martha Scott,Cathy O'Donnell,Sam Jaffe,Finlay Currie,Frank Thring,Terence Longdon,George Relph,André Morell,Nello Appodia,Fortunato Arena,Bruno Ariè,Les Ballets Africains,Emma Baron",William Wyler,"Lew Wallace,Karl Tunberg,Gore Vidal",William Wyler,Charlton Heston
182,12 Years a Slave,2013,688749,8.1,A,134,"Biography,Drama,History","Chiwetel Ejiofor,Michael Kenneth Williams,Michael Fassbender,Brad Pitt,Dwight Henry,Dickie Gravois,Bryan Batt,Ashley Dyke,Kelsey Scott,Quvenzhané Wallis,Cameron Zeigler,Tony Bentley,Scoot McNairy,Taran Killam,Christopher Berry,Bill Camp,Mister Mackey Jr.,Chris Chalk",Steve McQueen,"John Ridley,Solomon Northup",Steve McQueen,Chiwetel Ejiofor
183,The General,1926,90362,8.2,Passed,67,"Action,Adventure,Comedy","Buster Keaton,Marion Mack,Glen Cavender,Jim Farley,Frederick Vroom,Frank Barnes,Charles Henry Smith,Joe Keaton,Mike Donlin,Tom Nawn,Henry Baird,Joe Bricher,Jimmy Bryant,Sergeant Bukowski,C.C. Cruson,Jack Dempster,Keith Fennell,Budd Fine","Clyde Bruckman,Buster Keaton","Buster Keaton,Clyde Bruckman,Al Boasberg",Clyde Bruckman,Buster Keaton
184,Smultronstället,1957,106184,8.1,U,91,"Drama,Romance","Victor Sjöström,Bibi Andersson,Ingrid Thulin,Gunnar Björnstrand,Jullan Kindahl,Folke Sundquist,Björn Bjelfvenstam,Naima Wifstrand,Gunnel Broström,Gertrud Fridh,Sif Ruud,Gunnar Sjöberg,Max von Sydow,Åke Fridell,Yngve Nordwall,Per Sjöstrand,Gio Petré,Gunnel Lindblom",Ingmar Bergman,Ingmar Bergman,Ingmar Bergman,Victor Sjöström
185,Gone Girl,2014,956970,8.1,A,149,"Drama,Mystery,Thriller","Ben Affleck,Rosamund Pike,Neil Patrick Harris,Tyler Perry,Carrie Coon,Kim Dickens,Patrick Fugit,David Clennon,Lisa Banes,Missi Pyle,Emily Ratajkowski,Casey Wilson,Lola Kirke,Boyd Holbrook,Sela Ward,Lee Norris,Jamie McShane,Leonard Kelly-Young",David Fincher,Gillian Flynn,David Fincher,Ben Affleck
186,Before Sunrise,1995,300476,8.1,16,101,"Drama,Romance","Ethan Hawke,Julie Delpy,Andrea Eckert,Hanno Pöschl,Karl Bruckschwaiger,Tex Rubinowitz,Erni Mangold,Dominik Castell,Haymon Maria Buttinger,Harald Waiglein,Bilge Jeschim,Kurti,Hans Weingartner,Liese Lyon,Peter Ily Huemer,Otto Reiter,Hubert Fabian Kulterer,Branko Andric",Richard Linklater,"Richard Linklater,Kim Krizan",Richard Linklater,Ethan Hawke
187,Harry Potter and the Deathly Hallows: Part 2,2011,851508,8.1,UA,130,"Adventure,Fantasy,Horror","Daniel Radcliffe,Emma Watson,Rupert Grint,Michael Gambon,Ralph Fiennes,Alan Rickman,Evanna Lynch,Domhnall Gleeson,Clémence Poésy,Warwick Davis,John Hurt,Helena Bonham Carter,Graham Duff,Anthony Allgood,Rusty Goffe,Jon Key,Kelly Macdonald,Jason Isaacs",David Yates,"Steve Kloves,J.K. Rowling",David Yates,Daniel Radcliffe
188,The Deer Hunter,1978,334933,8.1,A,183,"Drama,War","Robert De Niro,Christopher Walken,John Cazale,John Savage,Meryl Streep,George Dzundza,Chuck Aspegren,Shirley Stoler,Rutanya Alda,Pierre Segui,Mady Kaplan,Amy Wright,Mary Ann Haenel,Richard Kuss,Joe Grifasi,Christopher Colombi Jr.,Victoria Karnafel,Jack Scardino",Michael Cimino,"Michael Cimino,Deric Washburn,Louis Garfinkle",Michael Cimino,Robert De Niro
189,In the Name of the Father,1993,172520,8.1,UA,133,"Biography,Crime,Drama","Daniel Day-Lewis,Pete Postlethwaite,Alison Crosbie,Philip King,Emma Thompson,Nye Heron,Anthony Brophy,Frankie McCafferty,Paul Warriner,Julian Walsh,Stuart Wolfenden,Jo Connor,Karen Carlisle,Seamus Moran,Billy Byrne,Maureen McBride,Jane Nolan,Laurence Griffin",Jim Sheridan,"Gerry Conlon,Terry George,Jim Sheridan",Jim Sheridan,Daniel Day-Lewis
190,The Grand Budapest Hotel,2014,786027,8.1,UA,99,"Adventure,Comedy,Crime","Ralph Fiennes,F. Murray Abraham,Mathieu Amalric,Adrien Brody,Willem Dafoe,Jeff Goldblum,Harvey Keitel,Jude Law,Bill Murray,Edward Norton,Saoirse Ronan,Jason Schwartzman,Léa Seydoux,Tilda Swinton,Tom Wilkinson,Owen Wilson,Tony Revolori,Larry Pine",Wes Anderson,"Stefan Zweig,Wes Anderson,Hugo Guinness",Wes Anderson,Ralph Fiennes
191,Mr. Smith Goes to Washington,1939,114758,8.1,U,129,"Comedy,Drama","James Stewart,Jean Arthur,Claude Rains,Edward Arnold,Guy Kibbee,Thomas Mitchell,Eugene Pallette,Beulah Bondi,H.B. Warner,Harry Carey,Astrid Allwyn,Ruth Donnelly,Grant Mitchell,Porter Hall,H.V. Kaltenborn,Charles Lane,Pierre Watkin,Dick Elliott",Frank Capra,"Sidney Buchman,Lewis R. Foster,Myles Connolly",Frank Capra,James Stewart
192,Le salaire de la peur,1953,60394,8.2,U,131,"Adventure,Drama,Thriller","Yves Montand,Charles Vanel,Peter van Eyck,Folco Lulli,Véra Clouzot,William Tubbs,Darío Moreno,Jo Dest,Antonio Centa,Luis De Lima,Grégoire Gromoff,Josep Palau i Fabre,Faustini,Seguna,Darling Légitimus,René Baranger,Pat Hurst,Evelio Larenagas",Henri-Georges Clouzot,"Georges Arnaud,Henri-Georges Clouzot,Jérôme Géronimi",Henri-Georges Clouzot,Yves Montand
193,Barry Lyndon,1975,164859,8.1,U,185,"Adventure,Drama,War","Ryan O'Neal,Marisa Berenson,Patrick Magee,Hardy Krüger,Steven Berkoff,Gay Hamilton,Marie Kean,Diana Körner,Murray Melvin,Frank Middlemass,André Morell,Arthur O'Sullivan,Godfrey Quigley,Leonard Rossiter,Philip Stone,Leon Vitali,John Bindon,Roger Booth",Stanley Kubrick,"Stanley Kubrick,William Makepeace Thackeray",Stanley Kubrick,Ryan O'Neal
194,Sherlock Jr.,1924,48939,8.2,Passed,45,"Action,Comedy,Romance","Buster Keaton,Kathryn McGuire,Joe Keaton,Erwin Connelly,Ward Crane,Jane Connelly,George Davis,Doris Deane,Christine Francis,Betsy Ann Hisle,Kewpie Morgan,Steve Murphy,John Patrick,Ford West",Buster Keaton,"Jean C. Havez,Joseph A. Mitchell,Clyde Bruckman",Buster Keaton,Buster Keaton
195,Salinui chueok,2003,175301,8.1,UA,131,"Crime,Drama,Mystery","Song Kang-ho,Kim Sang-kyung,Roe-ha Kim,Jae-ho Song,Byun Hee-Bong,Seo-hie Ko,Tae-ho Ryu,No-shik Park,Park Hae-il,Mi-seon Jeon,Young-hwa Seo,Woo Go-na,Ok-joo Lee,Jong-ryol Choi,Seung-mok Yoo,Hun-Kyung Lee,Hyeon-jong Sin,Jae-eung Lee",Bong Joon Ho,"Bong Joon Ho,Kwang-rim Kim,Sung-bo Shim",Bong Joon Ho,Song Kang-ho
196,Room,2015,411757,8.1,U,118,"Drama,Thriller","Brie Larson,Jacob Tremblay,Sean Bridgers,Wendy Crewson,Sandy McMaster,Matt Gordon,Amanda Brugel,Joe Pingue,Joan Allen,Zarrin Darnell-Martin,Cas Anvar,William H. Macy,Jee-Yun Lee,Randal Edwards,Justin Mader,Ola Sturik,Rodrigo Fernandez-Stoll,Rory O'Shea",Lenny Abrahamson,Emma Donoghue,Lenny Abrahamson,Brie Larson
197,Klaus,2019,143384,8.1,7,96,"Animation,Adventure,Comedy","Jason Schwartzman,J.K. Simmons,Rashida Jones,Will Sasso,Neda Margrethe Labba,Sergio Pablos,Norm MacDonald,Joan Cusack,Evan Agos,Sky Alexis,Jaeden Bettencourt,Teddy Blum,Mila Brener,Sydney Brower,Finn Carr,Kendall Joy Hall,Hailey Hermida,Lexie Holland","Sergio Pablos,Carlos Martínez López","Sergio Pablos,Jim Mahoney,Zach Lewis",Sergio Pablos,Jason Schwartzman
198,Hacksaw Ridge,2016,506395,8.1,A,139,"Biography,Drama,History","Andrew Garfield,Sam Worthington,Luke Bracey,Teresa Palmer,Richard Pyros,Jacob Warner,Milo Gibson,Darcy Bryce,Roman Guerriero,James Lugton,Kasia Stelmach,Hugo Weaving,Rachel Griffiths,Jarin Towney,Tim McGarry,Tyler Coppin,Richard Platt,Nathaniel Buzolic",Mel Gibson,"Robert Schenkkan,Andrew Knight",Mel Gibson,Andrew Garfield
199,Det sjunde inseglet,1957,182664,8.1,A,96,"Drama,Fantasy","Max von Sydow,Gunnar Björnstrand,Bengt Ekerot,Nils Poppe,Bibi Andersson,Inga Gill,Maud Hansson,Inga Landgré,Gunnel Lindblom,Bertil Anderberg,Anders Ek,Åke Fridell,Gunnar Olsson,Erik Strandmark,Siv Aleros,Sten Ardenstam,Harry Asklund,Benkt-Åke Benktsson",Ingmar Bergman,Ingmar Bergman,Ingmar Bergman,Max von Sydow
200,Relatos salvajes,2014,194763,8.1,18,122,"Comedy,Drama,Thriller","Darío Grandinetti,María Marull,Mónica Villa,Diego Starosta,Marcelo Frasca,Lucila Mangone,María Laura Caccamo,Carlos Alberto Vavassori,Pablo Machado,Horacio Vay,Javier Pedersoli,Héctor Drachtman,María Rosa López Ottonello,Rita Cortese,Julieta Zylberberg,César Bordón,Juan Santiago Linari,Leonardo Sbaraglia",Damián Szifron,"Germán Servidio,Damián Szifron",Damián Szifron,Darío Grandinetti
201,The Big Lebowski,1998,793950,8.1,UA,117,"Comedy,Crime","Jeff Bridges,John Goodman,Julianne Moore,Steve Buscemi,David Huddleston,Philip Seymour Hoffman,Tara Reid,Philip Moon,Mark Pellegrino,Peter Stormare,Flea,Torsten Voges,Jimmie Dale Gilmore,Jack Kehler,John Turturro,James G. Hoosier,Carlos Leon,Terrence Burton","Joel Coen,Ethan Coen","Ethan Coen,Joel Coen",Joel Coen,Jeff Bridges
202,Mad Max: Fury Road,2015,974897,8.1,UA,120,"Action,Adventure,Sci-Fi","Tom Hardy,Charlize Theron,Nicholas Hoult,Zoë Kravitz,Hugh Keays-Byrne,Josh Helman,Nathan Jones,Rosie Huntington-Whiteley,Riley Keough,Abbey Lee,Courtney Eaton,John Howard,Richard Carter,Iota,Angus Sampson,Jennifer Hagan,Megan Gale,Melissa Jaffer",George Miller,"George Miller,Brendan McCarthy,Nick Lathouris",George Miller,Tom Hardy
203,How to Train Your Dragon,2010,723929,8.1,U,98,"Animation,Action,Adventure","Jay Baruchel,Gerard Butler,Christopher Mintz-Plasse,Craig Ferguson,America Ferrera,Jonah Hill,T.J. Miller,Kristen Wiig,Robin Atkin Downes,Philip McGrade,Kieron Elliott,Ashley Jensen,David Tennant","Dean DeBlois,Chris Sanders","Will Davies,Dean DeBlois,Chris Sanders",Dean DeBlois,Jay Baruchel
204,Mary and Max.,2009,175588,8.1,Not Rated,92,"Animation,Comedy,Drama","Toni Collette,Philip Seymour Hoffman,Eric Bana,Barry Humphries,Christopher Massey,Oliver Marks,Daisy Kocher,Daniel Marks,Hamish Hughes,Dan Doherty,Julie Forsyth,Mandy Mao,Patrick McCabe,Adam Elliot,Mr. Peck,Michael James Allen,Bill Murphy,Shaun Patten",Adam Elliot,Adam Elliot,Adam Elliot,Toni Collette
205,"Monsters, Inc.",2001,888146,8.1,U,92,"Animation,Adventure,Comedy","Billy Crystal,John Goodman,Mary Gibbs,Steve Buscemi,James Coburn,Jennifer Tilly,Bob Peterson,John Ratzenberger,Frank Oz,Daniel Gerson,Steve Susskind,Bonnie Hunt,Jeff Pidgeon,Samuel Lord Black,Jack Angel,Bob Bergen,Rodger Bumpass,Gino Conforti","Pete Docter,David Silverman,Lee Unkrich","Pete Docter,Jill Culton,Jeff Pidgeon",Pete Docter,Billy Crystal
206,Jaws,1975,587055,8.1,A,124,"Adventure,Thriller","Roy Scheider,Robert Shaw,Richard Dreyfuss,Lorraine Gary,Murray Hamilton,Carl Gottlieb,Jeffrey Kramer,Susan Backlinie,Jonathan Filley,Ted Grossman,Chris Rebello,Jay Mello,Lee Fierro,Jeffrey Voorhees,Craig Kingsbury,Robert Nevin,Peter Benchley,Jonathan Searle",Steven Spielberg,"Peter Benchley,Carl Gottlieb",Steven Spielberg,Roy Scheider
207,La passion de Jeanne d'Arc,1928,53911,8.2,Passed,110,"Biography,Drama,History","Maria Falconetti,Eugene Silvain,André Berley,Maurice Schutz,Antonin Artaud,Michel Simon,Jean d'Yd,Louis Ravet,Armand Lurville,Jacques Arnna,Alexandre Mihalesco,Léon Larive,Jean Aymé,Gilbert Dacheux,Gilbert Dalleu,Paul Delauzac,Dimitri Dimitriev,Fournez-Goffard",Carl Theodor Dreyer,"Joseph Delteil,Carl Theodor Dreyer",Carl Theodor Dreyer,Maria Falconetti
208,Hotel Rwanda,2004,352165,8.1,UA,121,"Biography,Drama,History","Don Cheadle,Sophie Okonedo,Joaquin Phoenix,Xolani Mali,Desmond Dube,Hakeem Kae-Kazim,Tony Kgoroge,Rosie Motene,Neil McCarthy,Mabutho 'Kid' Sithole,Nick Nolte,Fana Mokoena,Jeremiah Ndlovu,Lebo Mashile,Antonio David Lyons,Leleti Khumalo,Kgomotso Seitshohlo,Lerato Mokgotho",Terry George,"Keir Pearson,Terry George",Terry George,Don Cheadle
209,Dead Poets Society,1989,475565,8.1,U,128,"Comedy,Drama","Robin Williams,Robert Sean Leonard,Ethan Hawke,Josh Charles,Gale Hansen,Dylan Kussman,Allelon Ruggiero,James Waterston,Norman Lloyd,Kurtwood Smith,Carla Belver,Leon Pownall,George Martin,Joe Aufiery,Matt Carey,Kevin Cooney,Jane Moore,Lara Flynn Boyle",Peter Weir,Tom Schulman,Peter Weir,Robin Williams
210,Tôkyô monogatari,1953,60748,8.2,U,136,Drama,"Chishû Ryû,Chieko Higashiyama,Sô Yamamura,Setsuko Hara,Haruko Sugimura,Kuniko Miyake,Kyôko Kagawa,Eijirô Tôno,Nobuo Nakamura,Shirô Ôsaka,Hisao Toake,Teruko Nagaoka,Mutsuko Sakura,Toyo Takahashi,Tôru Abe,Sachiko Mitani,Zen Murase,Mitsuhiro Môri",Yasujirô Ozu,"Kôgo Noda,Yasujirô Ozu",Yasujirô Ozu,Chishû Ryû
211,Pather Panchali,1955,31958,8.3,U,125,Drama,"Kanu Bannerjee,Karuna Bannerjee,Subir Banerjee,Chunibala Devi,Uma Das Gupta,Runki Banerjee,Reba Devi,Aparna Devi,Tulsi Chakraborty,Haren Banerjee,Rampada Das,Nibhanani Devi,Rama Gangopadhaya,Roma Ganguli,Binoy Mukherjee,Haridhan Nag,Harimohan Nag,Kshirod Roy",Satyajit Ray,"Bibhutibhushan Bandyopadhyay,Satyajit Ray",Satyajit Ray,Kanu Bannerjee
212,Rocky,1976,562963,8.1,U,120,"Drama,Sport","Sylvester Stallone,Talia Shire,Burt Young,Carl Weathers,Burgess Meredith,Thayer David,Joe Spinell,Jimmy Gambina,Bill Baldwin,Al Silvani,George Memmoli,Jodi Letizia,Diana Lewis,George O'Hanlon,Larry Carroll,Stan Shaw,Don Sherman,Billy Sands",John G. Avildsen,Sylvester Stallone,John G. Avildsen,Sylvester Stallone
213,Platoon,1986,408549,8.1,UA,120,"Drama,War","Charlie Sheen,Tom Berenger,Willem Dafoe,Keith David,Forest Whitaker,Francesco Quinn,Kevin Dillon,John C. McGinley,Reggie Johnson,Mark Moses,Corey Glover,Johnny Depp,Chris Pedersen,Bob Orwig,Corkey Ford,David Neidorf,Richard Edson,Tony Todd",Oliver Stone,Oliver Stone,Oliver Stone,Charlie Sheen
214,Ford v Ferrari,2019,371708,8.1,UA,152,"Action,Biography,Drama","Matt Damon,Christian Bale,Jon Bernthal,Caitríona Balfe,Josh Lucas,Noah Jupe,Tracy Letts,Remo Girone,Ray McKinnon,JJ Feild,Jack McMullen,Corrado Invernizzi,Joe Williamson,Ian Harding,Christopher Darga,Shawn Law,Emil Beheshti,Darrin Prescott",James Mangold,"Jez Butterworth,John-Henry Butterworth,Jason Keller",James Mangold,Matt Damon
215,Stand by Me,1986,395430,8.1,U,89,"Adventure,Drama","Wil Wheaton,River Phoenix,Corey Feldman,Jerry O'Connell,Kiefer Sutherland,Casey Siemaszko,Gary Riley,Bradley Gregg,Jason Oliver Lipsett,Marshall Bell,Frances Lee McCain,Bruce Kirby,William Bronder,Scott Beach,Richard Dreyfuss,John Cusack,Madeleine Swift,Popeye",Rob Reiner,"Stephen King,Raynold Gideon,Bruce A. Evans",Rob Reiner,Wil Wheaton
216,The Terminator,1984,846248,8.1,UA,107,"Action,Sci-Fi","Arnold Schwarzenegger,Linda Hamilton,Michael Biehn,Paul Winfield,Lance Henriksen,Rick Rossovich,Bess Motta,Earl Boen,Dick Miller,Shawn Schepps,Bruce M. Kerner,Franco Columbu,Bill Paxton,Brad Rearden,Brian Thompson,William Wisher,Ken Fritz,Tom Oberhaus",James Cameron,"James Cameron,Gale Anne Hurd,William Wisher",James Cameron,Arnold Schwarzenegger
217,Spotlight,2015,461357,8.1,A,129,"Biography,Crime,Drama","Mark Ruffalo,Michael Keaton,Rachel McAdams,Liev Schreiber,John Slattery,Brian d'Arcy James,Stanley Tucci,Elena Wohl,Gene Amoroso,Doug Murray,Sharon McFarlane,Jamey Sheridan,Neal Huff,Billy Crudup,Robert B. Kennedy,Duane Murray,Brian Chamberlain,Michael Cyril Creighton",Tom McCarthy,"Josh Singer,Tom McCarthy",Tom McCarthy,Mark Ruffalo
218,Rush,2013,470954,8.1,R,123,"Action,Biography,Drama","Daniel Brühl,Chris Hemsworth,Olivia Wilde,Alexandra Maria Lara,Pierfrancesco Favino,David Calder,Natalie Dormer,Stephen Mangan,Christian McKay,Alistair Petrie,Julian Rhind-Tutt,Colin Stinton,Jamie de Courcey,Augusto Dallara,Ilario Calvo,Patrick Baladi,Vincent Riotta,Martin Savage",Ron Howard,Peter Morgan,Ron Howard,Daniel Brühl
219,Into the Wild,2007,614404,8.1,U,148,"Adventure,Biography,Drama","Emile Hirsch,Vince Vaughn,Catherine Keener,Marcia Gay Harden,William Hurt,Jena Malone,Brian H. Dierker,Kristen Stewart,Hal Holbrook,Jim Gallien,James O'Neill,Malinda McCollum,Paul Knauls,Zach Galifianakis,Craig Mutsch,Jim Beidler,John Decker,John Hofer",Sean Penn,"Sean Penn,Jon Krakauer",Sean Penn,Emile Hirsch
220,Network,1976,157745,8.1,UA,121,Drama,"Faye Dunaway,William Holden,Peter Finch,Robert Duvall,Wesley Addy,Ned Beatty,Arthur Burghardt,Bill Burrows,John Carpenter,Jordan Charney,Kathy Cronkite,Ed Crowley,Jerome Dempsey,Conchata Ferrell,Gene Gross,Stanley Grover,Cindy Grover,Darryl Hickman",Sidney Lumet,Paddy Chayefsky,Sidney Lumet,Faye Dunaway
221,The Wizard of Oz,1939,392195,8.1,U,102,"Adventure,Family,Fantasy","Judy Garland,Frank Morgan,Ray Bolger,Bert Lahr,Jack Haley,Billie Burke,Margaret Hamilton,Charley Grapewin,Pat Walshe,Clara Blandick,Terry,The Singer Midgets,Franz Balluck,Josefine Balluck,Dorothy Barrett,Amelia Batchelor,Charles Becker,Freda Betsky","Victor Fleming,George Cukor,Mervyn LeRoy","Noel Langley,Florence Ryerson,Edgar Allan Woolf",Victor Fleming,Judy Garland
222,Logan,2017,735398,8.1,A,137,"Action,Drama,Sci-Fi","Hugh Jackman,Patrick Stewart,Dafne Keen,Boyd Holbrook,Stephen Merchant,Elizabeth Rodriguez,Richard E. Grant,Eriq La Salle,Elise Neal,Quincy Fouse,Al Coronel,Frank Gallegos,Anthony Escobar,Reynaldo Gallegos,Krzysztof Soszynski,Stephen Dunlevy,Daniel Bernhardt,Ryan Sturz",James Mangold,"James Mangold,Scott Frank,Michael Green",James Mangold,Hugh Jackman
223,Groundhog Day,1993,617978,8.1,U,101,"Comedy,Drama,Fantasy","Bill Murray,Andie MacDowell,Chris Elliott,Stephen Tobolowsky,Brian Doyle-Murray,Marita Geraghty,Angela Paton,Rick Ducommun,Rick Overton,Robin Duke,Carol Bivins,Willie Garson,Ken Hudson Campbell,Les Podewell,Rod Sell,Tom Milanovich,John M. Watson Sr.,Peggy Roeder",Harold Ramis,"Danny Rubin,Harold Ramis",Harold Ramis,Bill Murray
224,Ratatouille,2007,709795,8.1,U,111,"Animation,Adventure,Comedy","Brad Garrett,Lou Romano,Patton Oswalt,Ian Holm,Brian Dennehy,Peter Sohn,Peter O'Toole,Janeane Garofalo,Will Arnett,Julius Callahan,James Remar,John Ratzenberger,Teddy Newton,Tony Fucile,Jake Steinfeld,Brad Bird,Stéphane Roux,Jack Bird","Brad Bird,Jan Pinkava","Brad Bird,Jan Pinkava,Jim Capobianco",Brad Bird,Brad Garrett
225,Before Sunset,2004,258620,8.1,A,80,"Drama,Romance","Ethan Hawke,Julie Delpy,Vernon Dobtcheff,Louise Lemoine Torrès,Rodolphe Pauly,Mariane Plasteig,Diabolo,Denis Evrard,Albert Delpy,Marie Pillet",Richard Linklater,"Richard Linklater,Julie Delpy,Ethan Hawke",Richard Linklater,Ethan Hawke
226,The Exorcist,1973,394900,8.1,A,122,Horror,"Ellen Burstyn,Max von Sydow,Linda Blair,Lee J. Cobb,Kitty Winn,Jack MacGowran,Jason Miller,William O'Malley,Barton Heyman,Peter Masterson,Rudolf Schündler,Gina Petrushka,Robert Symonds,Arthur Storch,Thomas Bermingham,Vasiliki Maliaros,Titos Vandis,John Mahon",William Friedkin,William Peter Blatty,William Friedkin,Ellen Burstyn
227,The Best Years of Our Lives,1946,63516,8.1,Approved,170,"Drama,Romance,War","Myrna Loy,Dana Andrews,Fredric March,Teresa Wright,Virginia Mayo,Cathy O'Donnell,Hoagy Carmichael,Harold Russell,Gladys George,Roman Bohnen,Ray Collins,Minna Gombell,Walter Baldwin,Steve Cochran,Dorothy Adams,Don Beddoe,Marlene Aames,Charles Halton",William Wyler,"Robert E. Sherwood,MacKinlay Kantor",William Wyler,Myrna Loy
228,The Incredibles,2004,715647,8,U,115,"Animation,Action,Adventure","Craig T. Nelson,Samuel L. Jackson,Holly Hunter,Jason Lee,Dominique Louis,Teddy Newton,Jean Sincere,Eli Fucile,Maeve Andrews,Wallace Shawn,Spencer Fox,Lou Romano,Wayne Canney,Sarah Vowell,Michael Bird,Elizabeth Peña,Bud Luckey,Brad Bird",Brad Bird,Brad Bird,Brad Bird,Craig T. Nelson
229,To Be or Not to Be,1942,36376,8.2,Passed,99,"Comedy,Romance,War","Carole Lombard,Jack Benny,Robert Stack,Felix Bressart,Lionel Atwill,Stanley Ridges,Sig Ruman,Tom Dugan,Charles Halton,George Lynn,Henry Victor,Maude Eburne,Halliwell Hobbes,Miles Mander,Rudolph Anders,Paul Barrett,Sven Hugo Borg,Danny Borzage",Ernst Lubitsch,"Melchior Lengyel,Edwin Justus Mayer,Ernst Lubitsch",Ernst Lubitsch,Carole Lombard
230,The Grapes of Wrath,1940,92127,8.1,Passed,129,Drama,"Henry Fonda,Jane Darwell,John Carradine,Charley Grapewin,Dorris Bowdon,Russell Simpson,O.Z. Whitehead,John Qualen,Eddie Quillan,Zeffie Tilbury,Frank Sully,Frank Darien,Darryl Hickman,Shirley Mills,Roger Imhof,Grant Mitchell,Charles D. Brown,John Arledge",John Ford,"Nunnally Johnson,John Steinbeck",John Ford,Henry Fonda
231,Rebecca,1940,135657,8.1,Approved,130,"Drama,Film-Noir,Mystery","Laurence Olivier,Joan Fontaine,George Sanders,Judith Anderson,Nigel Bruce,Reginald Denny,C. Aubrey Smith,Gladys Cooper,Florence Bates,Melville Cooper,Leo G. Carroll,Leonard Carey,Lumsden Hare,Edward Fielding,Philip Winter,Forrester Harvey,Bunny Beatty,Billy Bevan",Alfred Hitchcock,"Daphne Du Maurier,Robert E. Sherwood,Joan Harrison",Alfred Hitchcock,Laurence Olivier
232,La battaglia di Algeri,1966,59420,8.1,Not Rated,121,"Drama,War","Brahim Hadjadj,Jean Martin,Yacef Saadi,Samia Kerbash,Ugo Paletti,Fusia El Kader,Mohamed Ben Kassen,Franco Moruzzi,Tommaso Neri,Rouïched,Gene Wesson",Gillo Pontecorvo,"Franco Solinas,Gillo Pontecorvo",Gillo Pontecorvo,Brahim Hadjadj
233,Hachi: A Dog's Tale,2009,279323,8.1,U,93,"Biography,Drama,Family","Richard Gere,Joan Allen,Cary-Hiroyuki Tagawa,Sarah Roemer,Jason Alexander,Erick Avari,Davenia McFadden,Robbie Sublett,Kevin DeCoste,Rob Degnan,Tora Hallström,Donna Sorbello,Frank S. Aronson,Troy Doherty,Ian Sherman,Timothy Crowe,Denece Ryland,Blake Friedman",Lasse Hallström,"Stephen P. Lindsey,Kaneto Shindô",Lasse Hallström,Richard Gere
234,Cool Hand Luke,1967,175183,8.1,A,127,"Crime,Drama","Paul Newman,George Kennedy,Strother Martin,J.D. Cannon,Lou Antonio,Robert Drivas,Jo Van Fleet,Clifton James,Morgan Woodward,Luke Askew,Marc Cavell,Richard Davalos,Robert Donner,Warren Finnerty,Dennis Hopper,John McLiam,Wayne Rogers,Harry Dean Stanton",Stuart Rosenberg,"Donn Pearce,Frank Pierson,Hal Dresner",Stuart Rosenberg,Paul Newman
235,Amores perros,2000,237961,8.1,A,154,"Drama,Thriller","Emilio Echevarría,Gael García Bernal,Goya Toledo,Álvaro Guerrero,Vanessa Bauche,Jorge Salinas,Marco Pérez,Rodrigo Murray,Humberto Busto,Gerardo Campbell,Rosa María Bianchi,Dunia Saldívar,Adriana Barraza,José Sefami,Lourdes Echevarría,Laura Almela,Ricardo Dalmacci,Gustavo Sánchez Parra",Alejandro G. Iñárritu,Guillermo Arriaga,Alejandro G. Iñárritu,Emilio Echevarría
236,Pirates of the Caribbean: The Curse of the Black Pearl,2003,1099699,8.1,UA,143,"Action,Adventure,Fantasy","Johnny Depp,Geoffrey Rush,Orlando Bloom,Keira Knightley,Jack Davenport,Jonathan Pryce,Lee Arenberg,Mackenzie Crook,Damian O'Hare,Giles New,Angus Barnett,David Bailie,Michael Berry Jr.,Isaac C. Singleton Jr.,Kevin McNally,Treva Etienne,Zoe Saldana,Guy Siner",Gore Verbinski,"Ted Elliott,Terry Rossio,Stuart Beattie",Gore Verbinski,Johnny Depp
237,La haine,1995,169458,8.1,Not Rated,98,"Crime,Drama","Vincent Cassel,Hubert Koundé,Saïd Taghmaoui,Abdel Ahmed Ghili,Solo,Joseph Momo,Héloïse Rauth,Rywka Wajsbrot,Olga Abrego,Laurent Labasse,Choukri Gabteni,Nabil Ben Mhamed,Benoît Magimel,Médard Niang,Arash Mansour,Abdel-Moulah Boujdouni,Mathilde Vitry,Christian Moro",Mathieu Kassovitz,Mathieu Kassovitz,Mathieu Kassovitz,Vincent Cassel
238,Les quatre cents coups,1959,116148,8.1,U,99,"Crime,Drama","Jean-Pierre Léaud,Albert Rémy,Claire Maurier,Guy Decomble,Georges Flamant,Patrick Auffay,Daniel Couturier,François Nocher,Richard Kanayan,Renaud Fontanarosa,Michel Girard,Serge Moati,Bernard Abbou,Jean-François Bergouignan,Michel Lesignor,Luc Andrieux,Robert Beauvais,Bouchon",François Truffaut,"François Truffaut,Marcel Moussy",François Truffaut,Jean-Pierre Léaud
239,Persona,1966,116365,8.1,Not Rated,85,"Drama,Thriller","Bibi Andersson,Liv Ullmann,Margaretha Krook,Gunnar Björnstrand,Jörgen Lindström",Ingmar Bergman,Ingmar Bergman,Ingmar Bergman,Bibi Andersson
240,Life of Brian,1979,394335,8,R,94,Comedy,"Graham Chapman,John Cleese,Michael Palin,Terry Gilliam,Eric Idle,Terry Jones,Terence Bayler,Carol Cleveland,Kenneth Colley,Neil Innes,Charles McKeown,John Young,Gwen Taylor,Sue Jones-Davies,Peter Brett,John Case,Chris Langham,Andrew MacLachlan",Terry Jones,"Graham Chapman,John Cleese,Terry Gilliam",Terry Jones,Graham Chapman
241,Babam ve Oglum,2005,85933,8.2,Not Rated,112,"Drama,Family","Çetin Tekindor,Fikret Kuskan,Hümeyra,Ege Tanman,Serif Sezer,Yetkin Dikinciler,Binnur Kaya,Mahmut Gökgöz,Nergis Çorakçi,Bilge Sen,Tuba Büyüküstün,Özge Özberk,Erdal Tosun,Halit Ergenç,Tugyan Akay Kavukçu,Ege Kaya,Muzaffer Demirel,Burak Akçakaya",Cagan Irmak,Cagan Irmak,Cagan Irmak,Çetin Tekindor
242,Dersu Uzala,1975,28680,8.2,U,142,"Adventure,Biography,Drama","Maksim Munzuk,Yuriy Solomin,Mikhail Bychkov,Vladimir Khrulyov,V. Lastochkin,Stanislav Marin,Igor Sykhra,Vladimir Sergiyakov,Yanis Yakobsons,Vladimir Khlestov,G. Polunin,V. Koldin,M. Tetov,S. Sinyavskiy,Vladimir Sverba,V. Ignatov,Vladimir Kremena,Aleksandr Pyatkov",Akira Kurosawa,"Akira Kurosawa,Yuriy Nagibin,Vladimir Arsenev",Akira Kurosawa,Maksim Munzuk
243,It Happened One Night,1934,102761,8.1,Passed,105,"Comedy,Romance","Clark Gable,Claudette Colbert,Walter Connolly,Roscoe Karns,Jameson Thomas,Alan Hale,Arthur Hoyt,Blanche Friderici,Charles C. Wilson,Ernie Adams,Jessie Arnold,Irving Bacon,William Bailey,William Begg,William A. Boardway,Ward Bond,Harry C. Bradley,George P. Breakston",Frank Capra,"Robert Riskin,Samuel Hopkins Adams",Frank Capra,Clark Gable
244,The Sound of Music,1965,228457,8.1,U,172,"Biography,Drama,Family","Julie Andrews,Christopher Plummer,Eleanor Parker,Richard Haydn,Peggy Wood,Charmian Carr,Heather Menzies-Urich,Nicholas Hammond,Duane Chase,Angela Cartwright,Debbie Turner,Kym Karath,Anna Lee,Portia Nelson,Ben Wright,Daniel Truhitte,Norma Varden,Gilchrist Stuart",Robert Wise,"Georg Hurdalek,Howard Lindsay,Russel Crouse",Robert Wise,Julie Andrews
245,Ah-ga-ssi,2016,140370,8.1,A,145,"Drama,Romance,Thriller","Kim Min-hee,Ha Jung-woo,Cho Jin-woong,Moon So-ri,Kim Tae-ri,Yong-nyeo Lee,Min-chae Yoo,Dong-hwi Lee,Kim Hae-sook,Kyu-jung Lee,Si-eun Kim,Si-yeon Ha,Rina Takagi,Geun-hee Won,Jong-Dae Kim,Han-sun Jang,Eun-yeong Kim,Ri-woo Kim",Park Chan-wook,"Sarah Waters,Seo-kyeong Jeong,Park Chan-wook",Park Chan-wook,Kim Min-hee
246,Jai Bhim,2021,190981,8.9,A,164,"Crime,Drama,Mystery","Suriya,Lijo Mol Jose,Manikandan K.,Rajisha Vijayan,Prakash Raj,Rao Ramesh,Guru Somasundaram,M.S. Bhaskar,V. Jayaprakash,Sibi Thomas,Ilavarasu,Jayarao,Sujatha Sivakumar,Ravi Venkatraman,Tamizh,Kumaravel,Supergood Subramani,Bala Hasan",T.J. Gnanavel,"T.J. Gnanavel,Rajendra Sapre",T.J. Gnanavel,Suriya
247,Aladdin,1992,406751,8,U,90,"Animation,Adventure,Comedy","Scott Weinger,Robin Williams,Linda Larkin,Jonathan Freeman,Frank Welker,Gilbert Gottfried,Douglas Seale,Charlie Adler,Jack Angel,Corey Burton,Philip L. Clarke,Jim Cummings,Jennifer Darling,Debi Derryberry,Bruce Gooch,Jerry Houser,Vera Lockwood,Sherry Lynn","Ron Clements,John Musker","Ron Clements,John Musker,Ted Elliott",Ron Clements,Scott Weinger
248,Gandhi,1982,228938,8.1,U,191,"Biography,Drama","Ben Kingsley,John Gielgud,Rohini Hattangadi,Roshan Seth,Candice Bergen,Edward Fox,Trevor Howard,John Mills,Martin Sheen,Ian Charleson,Günther Maria Halmer,Athol Fugard,Saeed Jaffrey,Geraldine James,Alyque Padamsee,Amrish Puri,Ian Bannen,Michael Bryant",Richard Attenborough,John Briley,Richard Attenborough,Ben Kingsley
249,The Help,2011,451856,8.1,UA,146,Drama,"Emma Stone,Viola Davis,Octavia Spencer,Bryce Dallas Howard,Jessica Chastain,Ahna O'Reilly,Allison Janney,Anna Camp,Eleanor Henry,Emma Henry,Christopher Lowell,Cicely Tyson,Mike Vogel,Sissy Spacek,Brian Kerwin,Wes Chatham,Aunjanue Ellis,Ted Welch",Tate Taylor,"Tate Taylor,Kathryn Stockett",Tate Taylor,Emma Stone
250,Beauty and the Beast,1991,445617,8,U,84,"Animation,Family,Fantasy","Paige O'Hara,Robby Benson,Jesse Corti,Rex Everhart,Angela Lansbury,Jerry Orbach,Bradley Pierce,David Ogden Stiers,Richard White,Jo Anne Worley,Mary Kay Bergman,Brian Cummings,Alvin Epstein,Tony Jay,Alec Murphy,Kimmy Robertson,Hal Smith,Kath Soucie","Gary Trousdale,Kirk Wise","Linda Woolverton,Brenda Chapman,Chris Sanders",Gary Trousdale,Paige O'Hara